item_number,mcat,tier,model,gvwr,floor_type,bed_length,width,tongue,stack_height,total_footprint,updated_at
10CH-16,CAR HAULER,4,10CH,9990,Wood,16.0,7.0,3.0,1.5,23.0,2026-04-17T15:46:34Z
10CH-16BKDT,CAR HAULER,4,10CH,9990,Wood,16.0,7.0,3.0,1.5,20.0,2026-04-17T15:46:34Z
10CH-18,CAR HAULER,3,10CH,9990,Wood,18.0,7.0,3.0,1.5,22.0,2026-04-17T15:46:34Z
10CH-18BK,CAR HAULER,3,10CH,9990,Wood,18.0,7.0,3.0,1.5,22.0,2026-04-17T15:46:34Z
10CH-18BKDT,CAR HAULER,2,10CH,9990,Wood,18.0,7.0,3.0,1.5,22.0,2026-04-17T15:46:34Z
10CH-20,CAR HAULER,3,10CH,9990,Wood,20.0,7.0,3.0,1.5,24.0,2026-04-17T15:46:34Z
10CH-20BK,CAR HAULER,3,10CH,9990,Wood,20.0,7.0,3.0,1.5,24.0,2026-04-17T15:46:34Z
10CH-20BKDT,CAR HAULER,2,10CH,9990,Wood,20.0,7.0,3.0,1.5,24.0,2026-04-17T15:46:34Z
10CH-20BKDT5FUR,CAR HAULER,4,10CH,9990,Wood,20.0,7.0,3.0,1.5,24.0,2026-04-17T15:46:34Z
10DM-18,CAR HAULER,3,10DM,9990,Steel,18.0,7.0,4.0,1.5,22.0,2026-04-17T15:46:34Z
10DM-18BK,CAR HAULER,3,10DM,9990,Steel,18.0,7.0,4.0,1.5,22.0,2026-04-17T15:46:34Z
10DM-20,CAR HAULER,3,10DM,9990,Steel,20.0,7.0,4.0,1.5,24.0,2026-04-17T15:46:34Z
10DM-20BK,CAR HAULER,2,10DM,9990,Steel,20.0,7.0,4.0,1.5,24.0,2026-04-17T15:46:34Z
10DM-22,CAR HAULER,4,10DM,9990,Steel,22.0,7.0,4.0,1.5,26.0,2026-04-17T15:46:34Z
10DM-22BK,CAR HAULER,4,10DM,9990,Steel,22.0,7.0,4.0,1.5,26.0,2026-04-17T15:46:34Z
10LR-18,VANGUARD/LANDSCAPE,4,10LR,9990,Wood,18.0,7.0,3.0,3.5,21.0,2026-04-17T15:46:34Z
10LR-18BK,VANGUARD/LANDSCAPE,4,10LR,9990,Wood,18.0,7.0,3.0,3.5,21.0,2026-04-17T15:46:34Z
10LR-18BK-P4,VANGUARD/LANDSCAPE,4,10LR,9990,Wood,18.0,7.0,3.0,5.0,21.0,2026-04-17T15:46:34Z
10LR-20,VANGUARD/LANDSCAPE,4,10LR,9990,Wood,20.0,7.0,3.0,3.5,23.0,2026-04-17T15:46:34Z
10LR-20BK,VANGUARD/LANDSCAPE,4,10LR,9990,Wood,20.0,7.0,3.0,3.5,23.0,2026-04-17T15:46:34Z
10LR-20BK-P4,VANGUARD/LANDSCAPE,4,10LR,9990,Wood,20.0,7.0,3.0,5.0,23.0,2026-04-17T15:46:34Z
10LX-10,DUMP,4,10LX,9990,Steel,10.0,7.0,4.0,4.0,14.0,2026-04-17T15:46:34Z
10LX-12,DUMP,4,10LX,9990,Steel,12.0,7.0,4.0,4.0,16.0,2026-04-17T15:46:34Z
10LX-12BK6SIR,DUMP,4,10LX,9990,Steel,12.0,7.0,4.0,4.0,16.0,2026-04-17T15:46:34Z
10PI-12,TANDEM AXLE,4,10PI,9990,Wood,12.0,7.0,3.0,2.5,15.0,2026-04-17T15:46:34Z
10PI-14,TANDEM AXLE,4,10PI,9990,Wood,14.0,7.0,3.0,2.5,17.0,2026-04-17T15:46:34Z
10PI-16,TANDEM AXLE,3,10PI,9990,Wood,16.0,7.0,3.0,2.5,19.0,2026-04-17T15:46:34Z
10PI-16BK,TANDEM AXLE,3,10PI,9990,Wood,16.0,7.0,3.0,2.5,19.0,2026-04-17T15:46:34Z
10PI-16BK4HDIR,TANDEM AXLE,3,10PI,9990,Wood,16.0,7.0,3.0,2.5,19.0,2026-04-17T15:46:34Z
10PI-16BK5FUR,TANDEM AXLE,3,10PI,9990,Wood,16.0,7.0,3.0,2.5,19.0,2026-04-17T15:46:34Z
10PI-18,TANDEM AXLE,3,10PI,9990,Wood,18.0,7.0,3.0,2.5,21.0,2026-04-17T15:46:34Z
10PI-18BK,TANDEM AXLE,2,10PI,9990,Wood,18.0,7.0,3.0,2.5,21.0,2026-04-17T15:46:34Z
10PI-18BK4HDIR,TANDEM AXLE,3,10PI,9990,Wood,18.0,7.0,3.0,2.5,21.0,2026-04-17T15:46:34Z
10PI-18BK5FUR,TANDEM AXLE,3,10PI,9990,Wood,18.0,7.0,3.0,2.5,21.0,2026-04-17T15:46:34Z
10PI-20,TANDEM AXLE,3,10PI,9990,Wood,20.0,7.0,3.0,2.5,23.0,2026-04-17T15:46:34Z
10PI-20BK,TANDEM AXLE,2,10PI,9990,Wood,20.0,7.0,3.0,2.5,23.0,2026-04-17T15:46:34Z
10PI-20BK4HDIR,TANDEM AXLE,3,10PI,9990,Wood,20.0,7.0,3.0,2.5,23.0,2026-04-17T15:46:34Z
10PI-20BK5FUR,TANDEM AXLE,3,10PI,9990,Wood,20.0,7.0,3.0,2.5,23.0,2026-04-17T15:46:34Z
10PI-24,TANDEM AXLE,4,10PI,9990,Wood,24.0,7.0,3.0,2.5,27.0,2026-04-17T15:46:34Z
10SR-12XL,DUMP,4,10SR,9990,Steel,12.0,7.0,4.0,4.0,16.0,2026-04-17T15:46:34Z
10SR-12XLBK6SIR,DUMP,3,10SR,9990,Steel,12.0,7.0,4.0,4.0,16.0,2026-04-17T15:46:34Z
10TV-16,VANGUARD/LANDSCAPE,4,10TV,9990,Wood,16.0,7.0,3.0,3.5,19.0,2026-04-17T15:46:34Z
10TV-16BK,VANGUARD/LANDSCAPE,4,10TV,9990,Wood,16.0,7.0,3.0,3.5,19.0,2026-04-17T15:46:34Z
10TV-18,VANGUARD/LANDSCAPE,3,10TV,9990,Wood,18.0,7.0,3.0,3.5,21.0,2026-04-17T15:46:34Z
10TV-18BK,VANGUARD/LANDSCAPE,3,10TV,9990,Wood,18.0,7.0,3.0,3.5,21.0,2026-04-17T15:46:34Z
10TV-20,VANGUARD/LANDSCAPE,3,10TV,9990,Wood,20.0,7.0,3.0,3.5,23.0,2026-04-17T15:46:34Z
10TV-20BK,VANGUARD/LANDSCAPE,3,10TV,9990,Wood,20.0,7.0,3.0,3.5,23.0,2026-04-17T15:46:34Z
12SR-12XL,DUMP,4,12SR,12000,Steel,12.0,7.0,4.0,4.0,16.0,2026-04-17T15:46:34Z
12SR-12XLBK6SIR,DUMP,3,12SR,12000,Steel,12.0,7.0,4.0,4.0,16.0,2026-04-17T15:46:34Z
13BN,DUMP,1,13BN,14000,Steel,14.0,7.0,0.0,3.0,14.0,2026-04-17T15:46:34Z
14EB-18D2A-KRBK,EQUIPMENT HAULER,2,14EB,14000,Wood,18.0,7.0,4.0,2.0,22.0,2026-04-17T15:46:34Z
14EB-20D2A-KRBK,EQUIPMENT HAULER,1,14EB,14000,Wood,20.0,7.0,4.0,2.0,24.0,2026-04-17T15:46:34Z
14EB-22D2A-KRBK,EQUIPMENT HAULER,1,14EB,14000,Wood,22.0,7.0,4.0,2.0,26.0,2026-04-17T15:46:34Z
14EH-16D3A,EQUIPMENT HAULER,3,14EH,15400,Wood,16.0,7.0,6.0,2.0,22.0,2026-04-17T15:46:34Z
14EH-16D3A-KRBK,EQUIPMENT HAULER,3,14EH,15400,Wood,16.0,7.0,6.0,2.0,22.0,2026-04-17T15:46:34Z
14EH-16D3A-MRBK,EQUIPMENT HAULER,3,14EH,15400,Wood,16.0,7.0,6.0,2.0,22.0,2026-04-17T15:46:34Z
14EH-18D3A,EQUIPMENT HAULER,3,14EH,15400,Wood,18.0,7.0,6.0,2.0,24.0,2026-04-17T15:46:34Z
14EH-18D3A-KRBK,EQUIPMENT HAULER,3,14EH,15400,Wood,18.0,7.0,6.0,2.0,24.0,2026-04-17T15:46:34Z
14EH-18D3A-MRBK,EQUIPMENT HAULER,1,14EH,15400,Wood,18.0,7.0,6.0,2.0,24.0,2026-04-17T15:46:34Z
14EH-20D3A,EQUIPMENT HAULER,3,14EH,15400,Wood,20.0,7.0,6.0,2.0,26.0,2026-04-17T15:46:34Z
14EH-20D3A-KRBK,EQUIPMENT HAULER,3,14EH,15400,Wood,20.0,7.0,6.0,2.0,26.0,2026-04-17T15:46:34Z
14EH-20D3A-MRBK,EQUIPMENT HAULER,1,14EH,15400,Wood,20.0,7.0,6.0,2.0,26.0,2026-04-17T15:46:34Z
14EH-22D3A,EQUIPMENT HAULER,3,14EH,15400,Wood,22.0,7.0,6.0,2.0,28.0,2026-04-17T15:46:34Z
14EH-22D3A-KRBK,EQUIPMENT HAULER,3,14EH,15400,Wood,22.0,7.0,6.0,2.0,28.0,2026-04-17T15:46:34Z
14EH-22D3A-MRBK,EQUIPMENT HAULER,1,14EH,15400,Wood,22.0,7.0,6.0,2.0,28.0,2026-04-17T15:46:34Z
14EH-24D3A,EQUIPMENT HAULER,3,14EH,15400,Wood,24.0,7.0,6.0,2.0,30.0,2026-04-17T15:46:34Z
14EH-24D3A-KRBK,EQUIPMENT HAULER,3,14EH,15400,Wood,24.0,7.0,6.0,2.0,30.0,2026-04-17T15:46:34Z
14EH-24D3A-MRBK,EQUIPMENT HAULER,2,14EH,15400,Wood,24.0,7.0,6.0,2.0,30.0,2026-04-17T15:46:34Z
14EHG-20D3A,EQUIPMENT HAULER,3,14EHG,15900,Wood,20.0,7.0,9.0,2.5,29.0,2026-04-17T15:46:34Z
14EHG-22D3A,EQUIPMENT HAULER,3,14EHG,15900,Wood,22.0,7.0,9.0,2.5,31.0,2026-04-17T15:46:34Z
14EHG-24D3A,EQUIPMENT HAULER,3,14EHG,15900,Wood,24.0,7.0,9.0,2.5,33.0,2026-04-17T15:46:34Z
14ET-16,EQUIPMENT HAULER,4,14ET,14000,Wood,16.0,7.0,4.0,2.0,20.0,2026-04-17T15:46:34Z
14ET-16BK,EQUIPMENT HAULER,4,14ET,14000,Wood,16.0,7.0,4.0,2.0,20.0,2026-04-17T15:46:34Z
14ET-16BK-KR,EQUIPMENT HAULER,4,14ET,14000,Wood,16.0,7.0,4.0,2.0,20.0,2026-04-17T15:46:34Z
14ET-16BK-MR,EQUIPMENT HAULER,4,14ET,14000,Wood,16.0,7.0,4.0,2.0,20.0,2026-04-17T15:46:34Z
14ET-16KR,EQUIPMENT HAULER,4,14ET,14000,Wood,16.0,7.0,4.0,2.0,20.0,2026-04-17T15:46:34Z
14ET-18,EQUIPMENT HAULER,4,14ET,14000,Wood,18.0,7.0,4.0,2.0,22.0,2026-04-17T15:46:34Z
14ET-18BK,EQUIPMENT HAULER,4,14ET,14000,Wood,18.0,7.0,4.0,2.0,22.0,2026-04-17T15:46:34Z
14ET-18BK-KR,EQUIPMENT HAULER,4,14ET,14000,Wood,18.0,7.0,4.0,2.0,22.0,2026-04-17T15:46:34Z
14ET-18BK-MR,EQUIPMENT HAULER,4,14ET,14000,Wood,18.0,7.0,4.0,2.0,22.0,2026-04-17T15:46:34Z
14ET-18BK5RSR,EQUIPMENT HAULER,4,14ET,14000,Wood,18.0,7.0,4.0,2.0,22.0,2026-04-17T15:46:34Z
14ET-20,EQUIPMENT HAULER,4,14ET,14000,Wood,20.0,7.0,4.0,2.0,24.0,2026-04-17T15:46:34Z
14ET-20BK,EQUIPMENT HAULER,4,14ET,14000,Wood,20.0,7.0,4.0,2.0,24.0,2026-04-17T15:46:34Z
14ET-20BK-KR,EQUIPMENT HAULER,4,14ET,14000,Wood,20.0,7.0,4.0,2.0,24.0,2026-04-17T15:46:34Z
14ET-20BK-MR,EQUIPMENT HAULER,4,14ET,14000,Wood,20.0,7.0,4.0,2.0,24.0,2026-04-17T15:46:34Z
14ET-20BK5RSR,EQUIPMENT HAULER,4,14ET,14000,Wood,20.0,7.0,4.0,2.0,24.0,2026-04-17T15:46:34Z
14ET-20MR,EQUIPMENT HAULER,4,14ET,14000,Wood,20.0,7.0,4.0,2.0,24.0,2026-04-17T15:46:34Z
14ET-22,EQUIPMENT HAULER,4,14ET,14000,Wood,22.0,7.0,4.0,2.0,26.0,2026-04-17T15:46:34Z
14ET-22BK,EQUIPMENT HAULER,4,14ET,14000,Wood,22.0,7.0,4.0,2.0,26.0,2026-04-17T15:46:34Z
14ET-22BK-KR,EQUIPMENT HAULER,4,14ET,14000,Wood,22.0,7.0,4.0,2.0,26.0,2026-04-17T15:46:34Z
14ET-22BK-MR,EQUIPMENT HAULER,4,14ET,14000,Wood,22.0,7.0,4.0,2.0,26.0,2026-04-17T15:46:34Z
14ET-22KR,EQUIPMENT HAULER,4,14ET,14000,Wood,22.0,7.0,4.0,2.0,26.0,2026-04-17T15:46:34Z
14ET-22MR,EQUIPMENT HAULER,4,14ET,14000,Wood,22.0,7.0,4.0,2.0,26.0,2026-04-17T15:46:34Z
14ET-24,EQUIPMENT HAULER,4,14ET,14000,Wood,24.0,7.0,4.0,2.0,28.0,2026-04-17T15:46:34Z
14ET-24BK-KR,EQUIPMENT HAULER,4,14ET,14000,Wood,24.0,7.0,4.0,2.0,28.0,2026-04-17T15:46:34Z
14ET-24BK-MR,EQUIPMENT HAULER,4,14ET,14000,Wood,24.0,7.0,4.0,2.0,28.0,2026-04-17T15:46:34Z
14ET-24MR,EQUIPMENT HAULER,4,14ET,14000,Wood,24.0,7.0,4.0,2.0,28.0,2026-04-17T15:46:34Z
14FT-16,TILT DECK,3,14FT,14000,Wood,16.0,7.0,5.0,1.5,21.0,2026-04-17T15:46:34Z
14FT-16BK,TILT DECK,1,14FT,14000,Wood,16.0,7.0,5.0,1.5,21.0,2026-04-17T15:46:34Z
14FT-18,TILT DECK,3,14FT,14000,Wood,18.0,7.0,5.0,1.5,23.0,2026-04-17T15:46:34Z
14FT-18BK,TILT DECK,2,14FT,14000,Wood,18.0,7.0,5.0,1.5,23.0,2026-04-17T15:46:34Z
14FT-20,TILT DECK,3,14FT,14000,Wood,20.0,7.0,5.0,1.5,25.0,2026-04-17T15:46:34Z
14FT-20BK,TILT DECK,1,14FT,14000,Wood,20.0,7.0,5.0,1.5,25.0,2026-04-17T15:46:34Z
14GN-20,FLATBED GOOSENECK,4,14GN,15900,Wood,20.0,8.0,9.0,2.5,29.0,2026-04-17T15:46:34Z
14GN-20+5,FLATBED GOOSENECK,4,14GN,15900,Wood,25.0,8.0,9.0,2.5,34.0,2026-04-17T15:46:34Z
14GN-20+5CO,FLATBED GOOSENECK,4,14GN,15900,Wood,25.0,8.0,9.0,2.5,34.0,2026-04-17T15:46:34Z
14GN-20BK+5,FLATBED GOOSENECK,4,14GN,15900,Wood,25.0,8.0,9.0,2.5,34.0,2026-04-17T15:46:34Z
14GN-20BK+5MR,FLATBED GOOSENECK,4,14GN,15900,Wood,25.0,8.0,9.0,2.5,34.0,2026-04-17T15:46:34Z
14GN-20STA,FLATBED GOOSENECK,3,14GN,15900,Wood,20.0,8.0,9.0,2.5,29.0,2026-04-17T15:46:34Z
14GN-22+5,FLATBED GOOSENECK,4,14GN,15900,Wood,27.0,8.0,9.0,2.5,36.0,2026-04-17T15:46:34Z
14GN-22STA,FLATBED GOOSENECK,3,14GN,15900,Wood,22.0,8.0,9.0,2.5,31.0,2026-04-17T15:46:34Z
14GN-25,FLATBED GOOSENECK,4,14GN,15900,Wood,25.0,8.0,9.0,2.5,34.0,2026-04-17T15:46:34Z
14GN-25+5,FLATBED GOOSENECK,4,14GN,15900,Wood,30.0,8.0,9.0,2.5,39.0,2026-04-17T15:46:34Z
14GN-25BK+5,FLATBED GOOSENECK,4,14GN,15900,Wood,30.0,8.0,9.0,2.5,39.0,2026-04-17T15:46:34Z
14GN-25BK+5MR,FLATBED GOOSENECK,4,14GN,15900,Wood,30.0,8.0,9.0,2.5,39.0,2026-04-17T15:46:34Z
14GN-25D5A,FLATBED GOOSENECK,3,14GN,15900,Wood,25.0,8.0,9.0,2.5,34.0,2026-04-17T15:46:34Z
14GN-25D5A-FRBK,FLATBED GOOSENECK,3,14GN,15900,Wood,25.0,8.0,9.0,2.5,34.0,2026-04-17T15:46:34Z
14GN-25D5A-MRBK,FLATBED GOOSENECK,1,14GN,15900,Wood,25.0,8.0,9.0,2.5,34.0,2026-04-17T15:46:34Z
14GN-25STA,FLATBED GOOSENECK,3,14GN,15900,Wood,25.0,8.0,9.0,2.5,34.0,2026-04-17T15:46:34Z
14GN-27D5A,FLATBED GOOSENECK,3,14GN,15900,Wood,27.0,8.0,9.0,2.5,36.0,2026-04-17T15:46:34Z
14GN-27D5A-FRBK,FLATBED GOOSENECK,3,14GN,15900,Wood,27.0,8.0,9.0,2.5,36.0,2026-04-17T15:46:34Z
14GN-27D5A-MRBK,FLATBED GOOSENECK,3,14GN,15900,Wood,27.0,8.0,9.0,2.5,36.0,2026-04-17T15:46:34Z
14GN-28+5,FLATBED GOOSENECK,4,14GN,15900,Wood,33.0,8.0,9.0,2.5,42.0,2026-04-17T15:46:34Z
14GN-28BK+5,FLATBED GOOSENECK,4,14GN,15900,Wood,33.0,8.0,9.0,2.5,42.0,2026-04-17T15:46:34Z
14GN-28BK+5MR,FLATBED GOOSENECK,4,14GN,15900,Wood,33.0,8.0,9.0,2.5,42.0,2026-04-17T15:46:34Z
14GN-28STA,FLATBED GOOSENECK,3,14GN,15900,Wood,28.0,8.0,9.0,2.5,37.0,2026-04-17T15:46:34Z
14GN-30,FLATBED GOOSENECK,4,14GN,15900,Wood,30.0,8.0,9.0,2.5,39.0,2026-04-17T15:46:34Z
14GN-30+5,FLATBED GOOSENECK,4,14GN,15900,Wood,35.0,8.0,9.0,2.5,44.0,2026-04-17T15:46:34Z
14GN-30BK+5MR,FLATBED GOOSENECK,4,14GN,15900,Wood,35.0,8.0,9.0,2.5,44.0,2026-04-17T15:46:34Z
14GN-30D5A,FLATBED GOOSENECK,3,14GN,15900,Wood,30.0,8.0,9.0,2.5,39.0,2026-04-17T15:46:34Z
14GN-30D5A-FRBK,FLATBED GOOSENECK,3,14GN,15900,Wood,30.0,8.0,9.0,2.5,39.0,2026-04-17T15:46:34Z
14GN-30D5A-MRBK,FLATBED GOOSENECK,1,14GN,15900,Wood,30.0,8.0,9.0,2.5,39.0,2026-04-17T15:46:34Z
14GN-30STA,FLATBED GOOSENECK,3,14GN,15900,Wood,30.0,8.0,9.0,2.5,39.0,2026-04-17T15:46:34Z
14GN-33D5A,FLATBED GOOSENECK,3,14GN,15900,Wood,33.0,8.0,9.0,2.5,42.0,2026-04-17T15:46:34Z
14GN-33D5A-FRBK,FLATBED GOOSENECK,3,14GN,15900,Wood,33.0,8.0,9.0,2.5,42.0,2026-04-17T15:46:34Z
14GN-33D5A-MRBK,FLATBED GOOSENECK,1,14GN,15900,Wood,33.0,8.0,9.0,2.5,42.0,2026-04-17T15:46:34Z
14GN-35+5,FLATBED GOOSENECK,4,14GN,15900,Wood,40.0,8.0,9.0,2.5,49.0,2026-04-17T15:46:34Z
14GN-35BK+5MR,FLATBED GOOSENECK,4,14GN,15900,Wood,40.0,8.0,9.0,2.5,49.0,2026-04-17T15:46:34Z
14GN-35D5A,FLATBED GOOSENECK,3,14GN,15900,Wood,35.0,8.0,9.0,2.5,44.0,2026-04-17T15:46:34Z
14GN-35D5A-MRBK,FLATBED GOOSENECK,3,14GN,15900,Wood,35.0,8.0,9.0,2.5,44.0,2026-04-17T15:46:34Z
14GN-35STA,FLATBED GOOSENECK,3,14GN,15900,Wood,35.0,8.0,9.0,2.5,44.0,2026-04-17T15:46:34Z
14GN-36,FLATBED GOOSENECK,4,14GN,15900,Wood,36.0,8.0,9.0,2.5,45.0,2026-04-17T15:46:34Z
14GN-40,FLATBED GOOSENECK,4,14GN,15900,Wood,40.0,8.0,9.0,2.5,49.0,2026-04-17T15:46:34Z
14GN-40BK8SIR,FLATBED GOOSENECK,4,14GN,15900,Wood,40.0,8.0,9.0,2.5,49.0,2026-04-17T15:46:34Z
14GN-40D5A,FLATBED GOOSENECK,3,14GN,15900,Wood,40.0,8.0,9.0,2.5,49.0,2026-04-17T15:46:34Z
14GN-40D5A-MRBK,FLATBED GOOSENECK,1,14GN,15900,Wood,40.0,8.0,9.0,2.5,49.0,2026-04-17T15:46:34Z
14GN-40STA,FLATBED GOOSENECK,3,14GN,15900,Wood,40.0,8.0,9.0,2.5,49.0,2026-04-17T15:46:34Z
14GN-40STA-S8BK,FLATBED GOOSENECK,3,14GN,15900,Wood,40.0,8.0,9.0,2.5,49.0,2026-04-17T15:46:34Z
14GT-14,DUMP,3,14GT,15900,Steel,14.0,7.0,9.0,5.0,23.0,2026-04-17T15:46:34Z
14GT-14BK6-P4,DUMP,3,14GT,15900,Steel,14.0,7.0,9.0,5.0,23.0,2026-04-17T15:46:34Z
14GT-14BK6SIR,DUMP,2,14GT,15900,Steel,14.0,7.0,9.0,5.0,23.0,2026-04-17T15:46:34Z
14GT-16,DUMP,3,14GT,15900,Steel,16.0,7.0,9.0,5.0,25.0,2026-04-17T15:46:34Z
14GT-16BK6-P4,DUMP,3,14GT,15900,Steel,16.0,7.0,9.0,5.0,25.0,2026-04-17T15:46:34Z
14GT-16BK6SIR,DUMP,3,14GT,15900,Steel,16.0,7.0,9.0,5.0,25.0,2026-04-17T15:46:34Z
14GX-14,DUMP,3,14GX,15900,Steel,14.0,7.0,9.0,5.0,23.0,2026-04-17T15:46:34Z
14GX-14BK6-P3,DUMP,4,14GX,15900,Steel,14.0,7.0,9.0,5.0,23.0,2026-04-17T15:46:34Z
14GX-14BK6-P4,DUMP,3,14GX,15900,Steel,14.0,7.0,9.0,5.0,23.0,2026-04-17T15:46:34Z
14GX-14BK6SIRPD,DUMP,1,14GX,15900,Steel,14.0,7.0,9.0,5.0,23.0,2026-04-17T15:46:34Z
14GX-16,DUMP,3,14GX,15900,Steel,16.0,7.0,9.0,5.0,25.0,2026-04-17T15:46:34Z
14GX-16BK6-P3,DUMP,4,14GX,15900,Steel,16.0,7.0,9.0,5.0,25.0,2026-04-17T15:46:34Z
14GX-16BK6-P4,DUMP,2,14GX,15900,Steel,16.0,7.0,9.0,5.0,25.0,2026-04-17T15:46:34Z
14GX-16BK6SIRPD,DUMP,1,14GX,15900,Steel,16.0,7.0,9.0,5.0,25.0,2026-04-17T15:46:34Z
14LP-12,DUMP,3,14LP,14000,Steel,12.0,7.0,4.0,4.0,16.0,2026-04-17T15:46:34Z
14LP-12BK6-P3,DUMP,4,14LP,14000,Steel,12.0,7.0,4.0,4.5,16.0,2026-04-17T15:46:34Z
14LP-12BK6-P4,DUMP,3,14LP,14000,Steel,12.0,7.0,4.0,5.0,16.0,2026-04-17T15:46:34Z
14LP-12BK6SIRPD,DUMP,1,14LP,14000,Steel,12.0,7.0,4.0,4.0,16.0,2026-04-17T15:46:34Z
14LP-14,DUMP,3,14LP,14000,Steel,14.0,7.0,4.0,4.0,18.0,2026-04-17T15:46:34Z
14LP-14BK6-12KHJ,DUMP,3,14LP,14000,Steel,14.0,7.0,4.0,4.0,18.0,2026-04-17T15:46:34Z
14LP-14BK6-12KHJ-P4,DUMP,4,14LP,14000,Steel,14.0,7.0,4.0,5.0,18.0,2026-04-17T15:46:34Z
14LP-14BK6-P3,DUMP,4,14LP,14000,Steel,14.0,7.0,4.0,4.5,18.0,2026-04-17T15:46:34Z
14LP-14BK6-P4,DUMP,1,14LP,14000,Steel,14.0,7.0,4.0,5.0,18.0,2026-04-17T15:46:34Z
14LP-14BK6SIRPD,DUMP,1,14LP,14000,Steel,14.0,7.0,4.0,4.0,18.0,2026-04-17T15:46:34Z
14LP-14BL6-P4,DUMP,3,14LP,14000,Steel,14.0,7.0,4.0,5.0,18.0,2026-04-17T15:46:34Z
14LP-14BL6SIRPD,DUMP,3,14LP,14000,Steel,14.0,7.0,4.0,4.0,18.0,2026-04-17T15:46:34Z
14LP-14DT6-P4,DUMP,3,14LP,14000,Steel,14.0,7.0,4.0,5.0,18.0,2026-04-17T15:46:34Z
14LP-14DT6SIRPD,DUMP,3,14LP,14000,Steel,14.0,7.0,4.0,4.0,18.0,2026-04-17T15:46:34Z
14LP-14GY6-P4,DUMP,3,14LP,14000,Steel,14.0,7.0,4.0,5.0,18.0,2026-04-17T15:46:34Z
14LP-14GY6SIRPD,DUMP,3,14LP,14000,Steel,14.0,7.0,4.0,4.0,18.0,2026-04-17T15:46:34Z
14LP-14SG6-P4,DUMP,3,14LP,14000,Steel,14.0,7.0,4.0,5.0,18.0,2026-04-17T15:46:34Z
14LP-14SG6SIRPD,DUMP,3,14LP,14000,Steel,14.0,7.0,4.0,4.0,18.0,2026-04-17T15:46:34Z
14LP-14WH6-P4,DUMP,3,14LP,14000,Steel,14.0,7.0,4.0,5.0,18.0,2026-04-17T15:46:34Z
14LP-14WH6SIRPD,DUMP,3,14LP,14000,Steel,14.0,7.0,4.0,4.0,18.0,2026-04-17T15:46:34Z
14LP-16,DUMP,3,14LP,14000,Steel,16.0,7.0,4.0,4.0,20.0,2026-04-17T15:46:34Z
14LP-16BK6-12KHJ,DUMP,3,14LP,14000,Steel,16.0,7.0,4.0,4.0,20.0,2026-04-17T15:46:34Z
14LP-16BK6-12KHJ-P4,DUMP,4,14LP,14000,Steel,16.0,7.0,4.0,5.0,20.0,2026-04-17T15:46:34Z
14LP-16BK6-P3,DUMP,4,14LP,14000,Steel,16.0,7.0,4.0,4.5,20.0,2026-04-17T15:46:34Z
14LP-16BK6-P4,DUMP,1,14LP,14000,Steel,16.0,7.0,4.0,5.0,20.0,2026-04-17T15:46:34Z
14LP-16BK6SIRPD,DUMP,1,14LP,14000,Steel,16.0,7.0,4.0,4.0,20.0,2026-04-17T15:46:34Z
14LP-16BL6SIRPD,DUMP,3,14LP,14000,Steel,16.0,7.0,4.0,4.0,20.0,2026-04-17T15:46:34Z
14LP-16DT6SIRPD,DUMP,3,14LP,14000,Steel,16.0,7.0,4.0,4.0,20.0,2026-04-17T15:46:34Z
14LP-16GY6SIRPD,DUMP,3,14LP,14000,Steel,16.0,7.0,4.0,4.0,20.0,2026-04-17T15:46:34Z
14LP-16SG6SIRPD,DUMP,3,14LP,14000,Steel,16.0,7.0,4.0,4.0,20.0,2026-04-17T15:46:34Z
14LP-16WH6SIRPD,DUMP,3,14LP,14000,Steel,16.0,7.0,4.0,4.0,20.0,2026-04-17T15:46:34Z
14LX-14,DUMP,4,14LX,14000,Steel,14.0,7.0,4.0,4.0,18.0,2026-04-17T15:46:34Z
14LX-14BK7SIRPD,DUMP,4,14LX,14000,Steel,14.0,7.0,4.0,4.0,18.0,2026-04-17T15:46:34Z
14LX-14C2A-BK,DUMP,1,14LX,14000,Steel,14.0,7.0,4.0,4.0,18.0,2026-04-17T15:46:34Z
14LX-14C4A-BK,DUMP,1,14LX,14000,Steel,14.0,7.0,4.0,5.0,18.0,2026-04-17T15:46:34Z
14LX-16BK-P4,DUMP,4,14LX,14000,Steel,16.0,7.0,4.0,5.0,20.0,2026-04-17T15:46:34Z
14OA-16,EQUIPMENT HAULER,4,14OA,15400,Wood,16.0,8.0,6.0,2.5,22.0,2026-04-17T15:46:34Z
14OA-16BK-8SIR,EQUIPMENT HAULER,4,14OA,15400,Wood,16.0,8.0,6.0,2.5,22.0,2026-04-17T15:46:34Z
14OA-16STA,EQUIPMENT HAULER,3,14OA,15400,Wood,16.0,8.0,6.0,2.5,22.0,2026-04-17T15:46:34Z
14OA-16STA-S8BK,EQUIPMENT HAULER,3,14OA,15400,Wood,16.0,8.0,6.0,2.5,22.0,2026-04-17T15:46:34Z
14OA-17+3,EQUIPMENT HAULER,4,14OA,15400,Wood,20.0,8.0,6.0,2.5,26.0,2026-04-17T15:46:34Z
14OA-17BK+3,EQUIPMENT HAULER,4,14OA,15400,Wood,20.0,8.0,6.0,2.5,26.0,2026-04-17T15:46:34Z
14OA-18BK-8SIR,EQUIPMENT HAULER,4,14OA,15400,Wood,18.0,8.0,6.0,2.5,24.0,2026-04-17T15:46:34Z
14OA-18STA-S8BK,EQUIPMENT HAULER,3,14OA,15400,Wood,18.0,8.0,6.0,2.5,24.0,2026-04-17T15:46:34Z
14OA-19+3,EQUIPMENT HAULER,3,14OA,15400,Wood,22.0,8.0,6.0,2.5,28.0,2026-04-17T15:46:34Z
14OA-19BK+3,EQUIPMENT HAULER,4,14OA,15400,Wood,22.0,8.0,6.0,2.5,28.0,2026-04-17T15:46:34Z
14OA-20,EQUIPMENT HAULER,4,14OA,15400,Wood,20.0,8.0,6.0,2.5,26.0,2026-04-17T15:46:34Z
14OA-20BK-8SIR,EQUIPMENT HAULER,4,14OA,15400,Wood,20.0,8.0,6.0,2.5,26.0,2026-04-17T15:46:34Z
14OA-20D3A-FRBK,EQUIPMENT HAULER,3,14OA,15400,Wood,20.0,8.0,6.0,2.5,26.0,2026-04-17T15:46:34Z
14OA-20STA,EQUIPMENT HAULER,3,14OA,15400,Wood,20.0,8.0,6.0,2.5,26.0,2026-04-17T15:46:34Z
14OA-20STA-S8BK,EQUIPMENT HAULER,1,14OA,15400,Wood,20.0,8.0,6.0,2.5,26.0,2026-04-17T15:46:34Z
14OA-21+3,EQUIPMENT HAULER,4,14OA,15400,Wood,24.0,8.0,6.0,2.5,30.0,2026-04-17T15:46:34Z
14OA-21BK+3,EQUIPMENT HAULER,4,14OA,15400,Wood,24.0,8.0,6.0,2.5,30.0,2026-04-17T15:46:34Z
14OA-22,EQUIPMENT HAULER,4,14OA,15400,Wood,22.0,8.0,6.0,2.5,28.0,2026-04-17T15:46:34Z
14OA-22BK-8SIR,EQUIPMENT HAULER,4,14OA,15400,Wood,22.0,8.0,6.0,2.5,28.0,2026-04-17T15:46:34Z
14OA-22D3A-FRBK,EQUIPMENT HAULER,3,14OA,15400,Wood,22.0,8.0,6.0,2.5,28.0,2026-04-17T15:46:34Z
14OA-22STA,EQUIPMENT HAULER,3,14OA,15400,Wood,22.0,8.0,6.0,2.5,28.0,2026-04-17T15:46:34Z
14OA-22STA-S8BK,EQUIPMENT HAULER,3,14OA,15400,Wood,22.0,8.0,6.0,2.5,28.0,2026-04-17T15:46:34Z
14OA-24,EQUIPMENT HAULER,4,14OA,15400,Wood,24.0,8.0,6.0,2.5,30.0,2026-04-17T15:46:34Z
14OA-24BK-8SIR,EQUIPMENT HAULER,4,14OA,15400,Wood,24.0,8.0,6.0,2.5,30.0,2026-04-17T15:46:34Z
14OA-24D3A,EQUIPMENT HAULER,3,14OA,15400,Wood,24.0,8.0,6.0,2.5,30.0,2026-04-17T15:46:34Z
14OA-24D3A-FRBK,EQUIPMENT HAULER,3,14OA,15400,Wood,24.0,8.0,6.0,2.5,30.0,2026-04-17T15:46:34Z
14OA-24STA-S8BK,EQUIPMENT HAULER,3,14OA,15400,Wood,24.0,8.0,6.0,2.5,30.0,2026-04-17T15:46:34Z
14OE-18STA-S8BK,EQUIPMENT HAULER,3,14OE,14000,Wood,18.0,8.0,6.0,2.5,24.0,2026-04-17T15:46:34Z
14OE-20STA-S8BK,EQUIPMENT HAULER,1,14OE,14000,Wood,20.0,8.0,6.0,2.5,26.0,2026-04-17T15:46:34Z
14OE-22STA-S8BK,EQUIPMENT HAULER,3,14OE,14000,Wood,22.0,8.0,6.0,2.5,28.0,2026-04-17T15:46:34Z
14OT-22,TILT DECK,3,14OT,14000,Wood,22.0,8.0,6.0,2.5,28.0,2026-04-17T15:46:34Z
14OT-22BK,TILT DECK,1,14OT,14000,Wood,22.0,8.0,6.0,2.5,28.0,2026-04-17T15:46:34Z
14OT-22GN,TILT DECK,3,14OT,14000,Wood,22.0,8.0,9.0,5.0,31.0,2026-04-17T15:46:34Z
14OT-24,TILT DECK,3,14OT,14000,Wood,24.0,8.0,6.0,2.5,30.0,2026-04-17T15:46:34Z
14OT-24BK,TILT DECK,2,14OT,14000,Wood,24.0,8.0,6.0,2.5,30.0,2026-04-17T15:46:34Z
14OT-24GN,TILT DECK,3,14OT,14000,Wood,24.0,8.0,9.0,5.0,33.0,2026-04-17T15:46:34Z
14OT-26,TILT DECK,3,14OT,14000,Wood,26.0,8.0,6.0,2.5,32.0,2026-04-17T15:46:34Z
14OT-26BK,TILT DECK,2,14OT,14000,Wood,26.0,8.0,9.0,2.5,35.0,2026-04-17T15:46:34Z
14OT-26GN,TILT DECK,3,14OT,14000,Wood,26.0,8.0,6.0,5.0,32.0,2026-04-17T15:46:34Z
14PH-20,"DECK-OVER, TAG-ALONG",3,14PH,15900,Wood,20.0,8.0,6.0,2.5,26.0,2026-04-17T15:46:34Z
14PH-20+5,"DECK-OVER, TAG-ALONG",3,14PH,15900,Wood,25.0,8.0,6.0,2.5,31.0,2026-04-17T15:46:34Z
14PH-20BK+5,"DECK-OVER, TAG-ALONG",3,14PH,15900,Wood,25.0,8.0,6.0,2.5,31.0,2026-04-17T15:46:34Z
14PH-20BK+5MR,"DECK-OVER, TAG-ALONG",2,14PH,15900,Wood,25.0,8.0,6.0,2.5,31.0,2026-04-17T15:46:34Z
14PH-25,"DECK-OVER, TAG-ALONG",4,14PH,15900,Wood,25.0,8.0,6.0,2.5,31.0,2026-04-17T15:46:34Z
14PH-25+5,"DECK-OVER, TAG-ALONG",3,14PH,15900,Wood,30.0,8.0,6.0,2.5,36.0,2026-04-17T15:46:34Z
14PH-25BK+5MR,"DECK-OVER, TAG-ALONG",3,14PH,15900,Wood,30.0,8.0,6.0,2.5,36.0,2026-04-17T15:46:34Z
14PH-30,"DECK-OVER, TAG-ALONG",3,14PH,15900,Wood,30.0,8.0,6.0,2.5,36.0,2026-04-17T15:46:34Z
14PI-16,TANDEM AXLE,3,14PI,14000,Wood,16.0,7.0,3.0,2.5,19.0,2026-04-17T15:46:34Z
14PI-16BK,TANDEM AXLE,2,14PI,14000,Wood,16.0,7.0,3.0,2.5,19.0,2026-04-17T15:46:34Z
14PI-16BK5FUR,TANDEM AXLE,3,14PI,14000,Wood,16.0,7.0,3.0,2.5,19.0,2026-04-17T15:46:34Z
14PI-18,TANDEM AXLE,3,14PI,14000,Wood,18.0,7.0,3.0,2.5,21.0,2026-04-17T15:46:34Z
14PI-18BK,TANDEM AXLE,2,14PI,14000,Wood,18.0,7.0,3.0,2.5,21.0,2026-04-17T15:46:34Z
14PI-18BK5FUR,TANDEM AXLE,3,14PI,14000,Wood,18.0,7.0,3.0,2.5,21.0,2026-04-17T15:46:34Z
14PI-20,TANDEM AXLE,3,14PI,14000,Wood,20.0,7.0,3.0,2.5,23.0,2026-04-17T15:46:34Z
14PI-20BK,TANDEM AXLE,1,14PI,14000,Wood,20.0,7.0,3.0,2.5,23.0,2026-04-17T15:46:34Z
14PI-20BK4HDIR,TANDEM AXLE,3,14PI,14000,Wood,20.0,7.0,3.0,2.5,23.0,2026-04-17T15:46:34Z
14PI-20BK5FUR,TANDEM AXLE,2,14PI,14000,Wood,20.0,7.0,3.0,2.5,23.0,2026-04-17T15:46:34Z
14PI-24,TANDEM AXLE,3,14PI,14000,Wood,24.0,7.0,3.0,2.5,27.0,2026-04-17T15:46:34Z
14RB-14,DUMP,3,14RB,14000,Steel,14.0,7.0,5.0,2.5,19.0,2026-04-17T15:46:34Z
14RB-14BK,DUMP,2,14RB,14000,Steel,14.0,7.0,5.0,2.5,19.0,2026-04-17T15:46:34Z
14RD-14,DUMP,3,14RD,14000,Steel,14.0,7.0,9.0,3.0,23.0,2026-04-17T15:46:34Z
14RD-14BK,DUMP,2,14RD,14000,Steel,14.0,7.0,9.0,3.0,23.0,2026-04-17T15:46:34Z
14TD-14,DUMP,3,14TD,14000,Steel,14.0,7.0,5.0,4.0,19.0,2026-04-17T15:46:34Z
14TD-14BK6-P3,DUMP,4,14TD,14000,Steel,14.0,7.0,5.0,4.5,19.0,2026-04-17T15:46:34Z
14TD-14BK6-P4,DUMP,3,14TD,14000,Steel,14.0,7.0,5.0,5.0,19.0,2026-04-17T15:46:34Z
14TD-14BK6SIR,DUMP,1,14TD,14000,Steel,14.0,7.0,5.0,4.0,19.0,2026-04-17T15:46:34Z
14TD-16,DUMP,3,14TD,14000,Steel,16.0,7.0,5.0,4.0,21.0,2026-04-17T15:46:34Z
14TD-16BK6-P3,DUMP,4,14TD,14000,Steel,16.0,7.0,5.0,4.5,21.0,2026-04-17T15:46:34Z
14TD-16BK6-P4,DUMP,3,14TD,14000,Steel,16.0,7.0,5.0,5.0,21.0,2026-04-17T15:46:34Z
14TD-16BK6SIR,DUMP,2,14TD,14000,Steel,16.0,7.0,5.0,4.0,21.0,2026-04-17T15:46:34Z
14TL-20,TILT DECK,3,14TL,14000,Wood,20.0,7.0,5.0,1.5,25.0,2026-04-17T15:46:34Z
14TL-20BK,TILT DECK,1,14TL,14000,Wood,20.0,7.0,5.0,1.5,25.0,2026-04-17T15:46:34Z
14TL-20GN,TILT DECK,4,14TL,14000,Wood,20.0,7.0,9.0,5.0,29.0,2026-04-17T15:46:34Z
14TL-22,TILT DECK,3,14TL,14000,Wood,22.0,7.0,5.0,1.5,27.0,2026-04-17T15:46:34Z
14TL-22BK,TILT DECK,1,14TL,14000,Wood,22.0,7.0,5.0,1.5,27.0,2026-04-17T15:46:34Z
14TL-22GN,TILT DECK,4,14TL,14000,Wood,22.0,7.0,9.0,5.0,31.0,2026-04-17T15:46:34Z
14XD-14C2A,DUMP,3,14XD,15400,Steel,14.0,7.0,4.0,4.0,18.0,2026-04-17T15:46:34Z
14XD-14C2A-BK,DUMP,1,14XD,15400,Steel,14.0,7.0,4.0,4.0,18.0,2026-04-17T15:46:34Z
14XD-14C2A-BK-12KHJ,DUMP,3,14XD,15400,Steel,14.0,7.0,4.0,4.0,18.0,2026-04-17T15:46:34Z
14XD-14C4A,DUMP,3,14XD,15400,Steel,14.0,7.0,4.0,4.0,18.0,2026-04-17T15:46:34Z
14XD-14C4A-BK,DUMP,2,14XD,15400,Steel,14.0,7.0,4.0,4.0,18.0,2026-04-17T15:46:34Z
14XD-16C2A,DUMP,3,14XD,15400,Steel,16.0,7.0,4.0,4.0,20.0,2026-04-17T15:46:34Z
14XD-16C2A-BK,DUMP,3,14XD,15400,Steel,16.0,7.0,4.0,4.0,20.0,2026-04-17T15:46:34Z
14XD-16C4A,DUMP,3,14XD,15400,Steel,16.0,7.0,4.0,5.0,20.0,2026-04-17T15:46:34Z
14XD-16C4A-BK,DUMP,3,14XD,15400,Steel,16.0,7.0,4.0,5.0,20.0,2026-04-17T15:46:34Z
16EH-18D3A,EQUIPMENT HAULER,3,16EH,17600,Wood,18.0,7.0,6.0,2.0,24.0,2026-04-17T15:46:34Z
16EH-18D3A-KRBK,EQUIPMENT HAULER,3,16EH,17600,Wood,18.0,7.0,6.0,2.0,24.0,2026-04-17T15:46:34Z
16EH-18D3A-MRBK,EQUIPMENT HAULER,3,16EH,17600,Wood,18.0,7.0,6.0,2.0,24.0,2026-04-17T15:46:34Z
16EH-20D3A,EQUIPMENT HAULER,3,16EH,17600,Wood,20.0,7.0,6.0,2.0,26.0,2026-04-17T15:46:34Z
16EH-20D3A-KRBK,EQUIPMENT HAULER,3,16EH,17600,Wood,20.0,7.0,6.0,2.0,26.0,2026-04-17T15:46:34Z
16EH-20D3A-MRBK,EQUIPMENT HAULER,2,16EH,17600,Wood,20.0,7.0,6.0,2.0,26.0,2026-04-17T15:46:34Z
16EH-22D3A,EQUIPMENT HAULER,3,16EH,17600,Wood,22.0,7.0,6.0,2.0,28.0,2026-04-17T15:46:34Z
16EH-22D3A-KRBK,EQUIPMENT HAULER,3,16EH,17600,Wood,22.0,7.0,6.0,2.0,28.0,2026-04-17T15:46:34Z
16EH-22D3A-MRBK,EQUIPMENT HAULER,1,16EH,17600,Wood,22.0,7.0,6.0,2.0,28.0,2026-04-17T15:46:34Z
16EH-24D3A,EQUIPMENT HAULER,3,16EH,17600,Wood,24.0,7.0,6.0,2.0,30.0,2026-04-17T15:46:34Z
16EH-24D3A-KRBK,EQUIPMENT HAULER,3,16EH,17600,Wood,24.0,7.0,6.0,2.0,30.0,2026-04-17T15:46:34Z
16EH-24D3A-MRBK,EQUIPMENT HAULER,3,16EH,17600,Wood,24.0,7.0,6.0,2.0,30.0,2026-04-17T15:46:34Z
16EHG-20D3A,EQUIPMENT HAULER,3,16EHG,19200,Wood,20.0,7.0,9.0,2.5,29.0,2026-04-17T15:46:34Z
16EHG-22D3A,EQUIPMENT HAULER,3,16EHG,19200,Wood,22.0,7.0,9.0,2.5,31.0,2026-04-17T15:46:34Z
16EHG-24D3A,EQUIPMENT HAULER,3,16EHG,19200,Wood,24.0,7.0,9.0,2.5,33.0,2026-04-17T15:46:34Z
16GN-20,FLATBED GOOSENECK,4,16GN,17500,Wood,20.0,8.0,9.0,2.5,29.0,2026-04-17T15:46:34Z
16GN-20+5,FLATBED GOOSENECK,4,16GN,17500,Wood,25.0,8.0,9.0,2.5,34.0,2026-04-17T15:46:34Z
16GN-20BK+5MR,FLATBED GOOSENECK,4,16GN,17500,Wood,25.0,8.0,9.0,2.5,34.0,2026-04-17T15:46:34Z
16GN-20STA,FLATBED GOOSENECK,3,16GN,17500,Wood,20.0,8.0,9.0,2.5,29.0,2026-04-17T15:46:34Z
16GN-22,FLATBED GOOSENECK,4,16GN,17500,Wood,22.0,8.0,9.0,2.5,31.0,2026-04-17T15:46:34Z
16GN-22+5,FLATBED GOOSENECK,4,16GN,17500,Wood,27.0,8.0,9.0,2.5,36.0,2026-04-17T15:46:34Z
16GN-22STA,FLATBED GOOSENECK,3,16GN,17500,Wood,22.0,8.0,9.0,2.5,31.0,2026-04-17T15:46:34Z
16GN-25,FLATBED GOOSENECK,4,16GN,17500,Wood,25.0,8.0,9.0,2.5,34.0,2026-04-17T15:46:34Z
16GN-25+5,FLATBED GOOSENECK,4,16GN,17500,Wood,30.0,8.0,9.0,2.5,39.0,2026-04-17T15:46:34Z
16GN-25BK+5MR,FLATBED GOOSENECK,4,16GN,17500,Wood,30.0,8.0,9.0,2.5,39.0,2026-04-17T15:46:34Z
16GN-25D5A,FLATBED GOOSENECK,3,16GN,17500,Wood,25.0,8.0,9.0,2.5,34.0,2026-04-17T15:46:34Z
16GN-25D5A-FRBK,FLATBED GOOSENECK,3,16GN,17500,Wood,25.0,8.0,9.0,2.5,34.0,2026-04-17T15:46:34Z
16GN-25D5A-MRBK,FLATBED GOOSENECK,2,16GN,17500,Wood,25.0,8.0,9.0,2.5,34.0,2026-04-17T15:46:34Z
16GN-25STA,FLATBED GOOSENECK,3,16GN,17500,Wood,25.0,8.0,9.0,2.5,34.0,2026-04-17T15:46:34Z
16GN-27D5A,FLATBED GOOSENECK,3,16GN,17500,Wood,27.0,8.0,9.0,2.5,36.0,2026-04-17T15:46:34Z
16GN-28+5,FLATBED GOOSENECK,4,16GN,17500,Wood,33.0,8.0,9.0,2.5,42.0,2026-04-17T15:46:34Z
16GN-28BK+5MR,FLATBED GOOSENECK,4,16GN,17500,Wood,33.0,8.0,9.0,2.5,42.0,2026-04-17T15:46:34Z
16GN-28STA,FLATBED GOOSENECK,3,16GN,17500,Wood,28.0,8.0,9.0,2.5,37.0,2026-04-17T15:46:34Z
16GN-30,FLATBED GOOSENECK,4,16GN,17500,Wood,30.0,8.0,9.0,2.5,39.0,2026-04-17T15:46:34Z
16GN-30+5,FLATBED GOOSENECK,4,16GN,17500,Wood,35.0,8.0,9.0,2.5,44.0,2026-04-17T15:46:34Z
16GN-30BK+5MR,FLATBED GOOSENECK,4,16GN,17500,Wood,35.0,8.0,9.0,2.5,44.0,2026-04-17T15:46:34Z
16GN-30D5A,FLATBED GOOSENECK,3,16GN,17500,Wood,30.0,8.0,9.0,2.5,39.0,2026-04-17T15:46:34Z
16GN-30D5A-FRBK,FLATBED GOOSENECK,3,16GN,17500,Wood,30.0,8.0,9.0,2.5,39.0,2026-04-17T15:46:34Z
16GN-30D5A-MRBK,FLATBED GOOSENECK,2,16GN,17500,Wood,30.0,8.0,9.0,2.5,39.0,2026-04-17T15:46:34Z
16GN-30STA,FLATBED GOOSENECK,3,16GN,17500,Wood,30.0,8.0,9.0,2.5,39.0,2026-04-17T15:46:34Z
16GN-33D5A,FLATBED GOOSENECK,3,16GN,17500,Wood,33.0,8.0,9.0,2.5,42.0,2026-04-17T15:46:34Z
16GN-33D5A-FRBK,FLATBED GOOSENECK,3,16GN,17500,Wood,33.0,8.0,9.0,2.5,42.0,2026-04-17T15:46:34Z
16GN-33D5A-MRBK,FLATBED GOOSENECK,3,16GN,17500,Wood,33.0,8.0,9.0,2.5,42.0,2026-04-17T15:46:34Z
16GN-35,FLATBED GOOSENECK,4,16GN,17500,Wood,35.0,8.0,9.0,2.5,44.0,2026-04-17T15:46:34Z
16GN-35+5,FLATBED GOOSENECK,4,16GN,17500,Wood,40.0,8.0,9.0,2.5,49.0,2026-04-17T15:46:34Z
16GN-35BK+5,FLATBED GOOSENECK,4,16GN,17500,Wood,40.0,8.0,9.0,2.5,49.0,2026-04-17T15:46:34Z
16GN-35BK+5MR,FLATBED GOOSENECK,4,16GN,17500,Wood,40.0,8.0,9.0,2.5,49.0,2026-04-17T15:46:34Z
16GN-35D5A,FLATBED GOOSENECK,3,16GN,17500,Wood,35.0,8.0,9.0,2.5,44.0,2026-04-17T15:46:34Z
16GN-35D5A-FRBK,FLATBED GOOSENECK,3,16GN,17500,Wood,35.0,8.0,9.0,2.5,44.0,2026-04-17T15:46:34Z
16GN-35D5A-MRBK,FLATBED GOOSENECK,3,16GN,17500,Wood,35.0,8.0,9.0,2.5,44.0,2026-04-17T15:46:34Z
16GN-35STA,FLATBED GOOSENECK,3,16GN,17500,Wood,35.0,8.0,9.0,2.5,44.0,2026-04-17T15:46:34Z
16GN-36,FLATBED GOOSENECK,4,16GN,17500,Wood,36.0,8.0,9.0,2.5,45.0,2026-04-17T15:46:34Z
16GN-40,FLATBED GOOSENECK,4,16GN,17500,Wood,40.0,8.0,9.0,2.5,49.0,2026-04-17T15:46:34Z
16GN-40BK8SIR,FLATBED GOOSENECK,4,16GN,17500,Wood,40.0,8.0,9.0,2.5,49.0,2026-04-17T15:46:34Z
16GN-40D5A,FLATBED GOOSENECK,3,16GN,17500,Wood,40.0,8.0,9.0,2.5,49.0,2026-04-17T15:46:34Z
16GN-40D5A-FRBK,FLATBED GOOSENECK,3,16GN,17500,Wood,40.0,8.0,9.0,2.5,49.0,2026-04-17T15:46:34Z
16GN-40D5A-MRBK,FLATBED GOOSENECK,1,16GN,17500,Wood,40.0,8.0,9.0,2.5,49.0,2026-04-17T15:46:34Z
16GN-40STA,FLATBED GOOSENECK,3,16GN,17500,Wood,40.0,8.0,9.0,2.5,49.0,2026-04-17T15:46:34Z
16GN-40STA-S8BK,FLATBED GOOSENECK,3,16GN,17500,Wood,40.0,8.0,9.0,2.5,49.0,2026-04-17T15:46:34Z
16GX-14,DUMP,3,16GX,17500,Steel,14.0,7.0,9.0,5.0,23.0,2026-04-17T15:46:34Z
16GX-14BK6-P4,DUMP,3,16GX,17500,Steel,14.0,7.0,9.0,5.0,23.0,2026-04-17T15:46:34Z
16GX-14BK6SIRPD,DUMP,3,16GX,17500,Steel,14.0,7.0,9.0,5.0,23.0,2026-04-17T15:46:34Z
16GX-16,DUMP,3,16GX,17500,Steel,16.0,7.0,9.0,5.0,25.0,2026-04-17T15:46:34Z
16GX-16BK6-P3,DUMP,4,16GX,17500,Steel,16.0,7.0,9.0,5.0,25.0,2026-04-17T15:46:34Z
16GX-16BK6-P4,DUMP,3,16GX,17500,Steel,16.0,7.0,9.0,5.0,25.0,2026-04-17T15:46:34Z
16GX-16BK6SIRPD,DUMP,3,16GX,17500,Steel,16.0,7.0,9.0,5.0,25.0,2026-04-17T15:46:34Z
16LP-14,DUMP,3,16LP,17500,Steel,14.0,7.0,4.0,4.0,18.0,2026-04-17T15:46:34Z
16LP-14BK6-12KHJ,DUMP,4,16LP,17500,Steel,14.0,7.0,4.0,4.0,18.0,2026-04-17T15:46:34Z
16LP-14BK6-12KHJ-P4,DUMP,4,16LP,17500,Steel,14.0,7.0,4.0,5.0,18.0,2026-04-17T15:46:34Z
16LP-14BK6-P3,DUMP,4,16LP,17500,Steel,14.0,7.0,4.0,4.5,18.0,2026-04-17T15:46:34Z
16LP-14BK6-P4,DUMP,3,16LP,17500,Steel,14.0,7.0,4.0,5.0,18.0,2026-04-17T15:46:34Z
16LP-14BK6SIRPD,DUMP,2,16LP,17500,Steel,14.0,7.0,4.0,4.0,18.0,2026-04-17T15:46:34Z
16LP-16,DUMP,3,16LP,17500,Steel,16.0,7.0,4.0,4.0,20.0,2026-04-17T15:46:34Z
16LP-16BK6-12KHJ,DUMP,4,16LP,17500,Steel,16.0,7.0,4.0,4.0,20.0,2026-04-17T15:46:34Z
16LP-16BK6-12KHJ-P4,DUMP,4,16LP,17500,Steel,16.0,7.0,4.0,5.0,20.0,2026-04-17T15:46:34Z
16LP-16BK6-P3,DUMP,4,16LP,17500,Steel,16.0,7.0,4.0,4.5,20.0,2026-04-17T15:46:34Z
16LP-16BK6-P4,DUMP,2,16LP,17500,Steel,16.0,7.0,4.0,5.0,20.0,2026-04-17T15:46:34Z
16LP-16BK6SIRPD,DUMP,1,16LP,17500,Steel,16.0,7.0,4.0,4.0,20.0,2026-04-17T15:46:34Z
16OA-16STA-S8BK,EQUIPMENT HAULER,3,16OA,17500,Wood,16.0,8.0,6.0,2.5,22.0,2026-04-17T15:46:34Z
16OA-20STA,EQUIPMENT HAULER,3,16OA,17500,Wood,20.0,8.0,6.0,2.5,26.0,2026-04-17T15:46:34Z
16OA-20STA-S8BK,EQUIPMENT HAULER,2,16OA,17500,Wood,20.0,8.0,6.0,2.5,26.0,2026-04-17T15:46:34Z
16OA-22STA-S8BK,EQUIPMENT HAULER,3,16OA,17500,Wood,22.0,8.0,6.0,2.5,28.0,2026-04-17T15:46:34Z
16OA-24D3A-FRBK,EQUIPMENT HAULER,3,16OA,17500,Wood,24.0,8.0,6.0,2.5,30.0,2026-04-17T15:46:34Z
16OA-24STA-S8BK,EQUIPMENT HAULER,3,16OA,17500,Wood,24.0,8.0,6.0,2.5,30.0,2026-04-17T15:46:34Z
16OT-22GN,TILT DECK,3,16OT,17500,Wood,22.0,8.0,6.0,1.25,28.0,2026-04-01T14:56:01.594515
16OT-24BK,TILT DECK,3,16OT,17500,Wood,24.0,8.0,6.0,1.25,30.0,2026-04-01T14:56:01.594603
16OT-26BK,TILT DECK,3,16OT,17500,Wood,26.0,8.0,6.0,1.25,32.0,2026-04-01T14:56:01.594691
16PH-20+5,"DECK-OVER, TAG-ALONG",3,16PH,17500,Wood,25.0,8.0,6.0,2.5,31.0,2026-04-17T15:46:34Z
16RB-14BK,DUMP,3,16RB,17500,Steel,14.0,7.0,5.0,2.5,19.0,2026-04-17T15:46:34Z
16RD-14,DUMP,3,16RD,17500,Steel,14.0,7.0,9.0,3.0,23.0,2026-04-17T15:46:34Z
16RD-14BK,DUMP,3,16RD,17500,Steel,14.0,7.0,9.0,3.0,23.0,2026-04-17T15:46:34Z
16TD-16BK6SIR,DUMP,3,16TD,17500,Steel,16.0,7.0,5.0,4.0,21.0,2026-04-17T15:46:34Z
16TL-20,TILT DECK,3,16TL,17500,Wood,20.0,7.0,5.0,1.5,25.0,2026-04-17T15:46:34Z
16TL-20BK,TILT DECK,2,16TL,17500,Wood,20.0,7.0,5.0,1.5,25.0,2026-04-17T15:46:34Z
16TL-20GN,TILT DECK,4,16TL,17500,Wood,20.0,7.0,9.0,5.0,29.0,2026-04-17T15:46:34Z
16TL-22,TILT DECK,3,16TL,17500,Wood,22.0,7.0,5.0,1.5,27.0,2026-04-17T15:46:34Z
16TL-22BK,TILT DECK,1,16TL,17500,Wood,22.0,7.0,5.0,1.5,27.0,2026-04-17T15:46:34Z
16TL-22GN,TILT DECK,4,16TL,17500,Wood,22.0,7.0,9.0,5.0,31.0,2026-04-17T15:46:34Z
20GN-20+5CO,FLATBED GOOSENECK,4,20GN,20000,Wood,25.0,8.0,9.0,2.5,34.0,2026-04-17T15:46:34Z
20GN-20BK+5,FLATBED GOOSENECK,4,20GN,20000,Wood,25.0,8.0,9.0,2.5,34.0,2026-04-17T15:46:34Z
20GX-16,DUMP,3,20GX,22000,Steel,16.0,7.0,9.0,5.0,25.0,2026-04-17T15:46:34Z
20GX-16BK6-P4,DUMP,3,20GX,22000,Steel,16.0,7.0,9.0,5.0,25.0,2026-04-17T15:46:34Z
20GX-16BK6SIRPD,DUMP,2,20GX,22000,Steel,16.0,7.0,9.0,5.0,25.0,2026-04-17T15:46:34Z
20LP-16,DUMP,3,20LP,20000,Steel,16.0,7.0,5.0,5.0,21.0,2026-04-17T15:46:34Z
20LP-16BK6-P4,DUMP,3,20LP,20000,Steel,16.0,7.0,5.0,5.0,21.0,2026-04-17T15:46:34Z
20LP-16BK6SIRPD,DUMP,2,20LP,20000,Steel,16.0,7.0,5.0,5.0,21.0,2026-04-17T15:46:34Z
22GN-20,FLATBED GOOSENECK,4,22GN,23900,Wood,20.0,8.0,9.0,2.5,29.0,2026-04-17T15:46:34Z
22GN-20BK+5,FLATBED GOOSENECK,4,22GN,23900,Wood,25.0,8.0,9.0,2.5,34.0,2026-04-17T15:46:34Z
22GN-20BK+5MR,FLATBED GOOSENECK,4,22GN,23900,Wood,25.0,8.0,9.0,2.5,34.0,2026-04-17T15:46:34Z
22GN-20STA,FLATBED GOOSENECK,3,22GN,23900,Wood,20.0,8.0,9.0,2.5,29.0,2026-04-17T15:46:34Z
22GN-25+5,FLATBED GOOSENECK,4,22GN,23900,Wood,30.0,8.0,9.0,2.5,39.0,2026-04-17T15:46:34Z
22GN-25BK+5,FLATBED GOOSENECK,4,22GN,23900,Wood,30.0,8.0,9.0,2.5,39.0,2026-04-17T15:46:34Z
22GN-25BK+5MR,FLATBED GOOSENECK,4,22GN,23900,Wood,30.0,8.0,9.0,2.5,39.0,2026-04-17T15:46:34Z
22GN-25D5A,FLATBED GOOSENECK,3,22GN,23900,Wood,25.0,8.0,9.0,2.5,34.0,2026-04-17T15:46:34Z
22GN-25D5A-FRBK,FLATBED GOOSENECK,3,22GN,23900,Wood,25.0,8.0,9.0,2.5,34.0,2026-04-17T15:46:34Z
22GN-25D5A-MRBK,FLATBED GOOSENECK,1,22GN,23900,Wood,25.0,8.0,9.0,2.5,34.0,2026-04-17T15:46:34Z
22GN-25STA,FLATBED GOOSENECK,3,22GN,23900,Wood,25.0,8.0,9.0,2.5,34.0,2026-04-17T15:46:34Z
22GN-28+5,FLATBED GOOSENECK,4,22GN,23900,Wood,33.0,8.0,9.0,2.5,42.0,2026-04-17T15:46:34Z
22GN-28BK+5,FLATBED GOOSENECK,4,22GN,23900,Wood,33.0,8.0,9.0,2.5,42.0,2026-04-17T15:46:34Z
22GN-28BK+5MR,FLATBED GOOSENECK,4,22GN,23900,Wood,33.0,8.0,9.0,2.5,42.0,2026-04-17T15:46:34Z
22GN-28STA,FLATBED GOOSENECK,3,22GN,23900,Wood,28.0,8.0,9.0,2.5,37.0,2026-04-17T15:46:34Z
22GN-30+5,FLATBED GOOSENECK,4,22GN,23900,Wood,35.0,8.0,9.0,2.5,44.0,2026-04-17T15:46:34Z
22GN-30BK+5,FLATBED GOOSENECK,4,22GN,23900,Wood,35.0,8.0,9.0,2.5,44.0,2026-04-17T15:46:34Z
22GN-30BK+5MR,FLATBED GOOSENECK,4,22GN,23900,Wood,35.0,8.0,9.0,2.5,44.0,2026-04-17T15:46:34Z
22GN-30D5A,FLATBED GOOSENECK,3,22GN,23900,Wood,30.0,8.0,9.0,2.5,39.0,2026-04-17T15:46:34Z
22GN-30D5A-FRBK,FLATBED GOOSENECK,3,22GN,23900,Wood,30.0,8.0,9.0,2.5,39.0,2026-04-17T15:46:34Z
22GN-30D5A-MRBK,FLATBED GOOSENECK,1,22GN,23900,Wood,30.0,8.0,9.0,2.5,39.0,2026-04-17T15:46:34Z
22GN-30STA,FLATBED GOOSENECK,3,22GN,23900,Wood,30.0,8.0,9.0,2.5,39.0,2026-04-17T15:46:34Z
22GN-33D5A,FLATBED GOOSENECK,3,22GN,23900,Wood,33.0,8.0,9.0,2.5,42.0,2026-04-17T15:46:34Z
22GN-33D5A-FRBK,FLATBED GOOSENECK,3,22GN,23900,Wood,33.0,8.0,9.0,2.5,42.0,2026-04-17T15:46:34Z
22GN-33D5A-MRBK,FLATBED GOOSENECK,1,22GN,23900,Wood,33.0,8.0,9.0,2.5,42.0,2026-04-17T15:46:34Z
22GN-33STA,FLATBED GOOSENECK,3,22GN,23900,Wood,33.0,8.0,9.0,2.5,42.0,2026-04-17T15:46:34Z
22GN-35+5,FLATBED GOOSENECK,4,22GN,23900,Wood,40.0,8.0,9.0,2.5,49.0,2026-04-17T15:46:34Z
22GN-35-HDTS,FLATBED GOOSENECK,4,22GN,23900,Wood,35.0,8.0,9.0,2.5,44.0,2026-04-17T15:46:34Z
22GN-35BK+5MR,FLATBED GOOSENECK,4,22GN,23900,Wood,40.0,8.0,9.0,2.5,49.0,2026-04-17T15:46:34Z
22GN-35BK-HDTS,FLATBED GOOSENECK,4,22GN,23900,Wood,35.0,8.0,9.0,2.5,44.0,2026-04-17T15:46:34Z
22GN-35D5A,FLATBED GOOSENECK,3,22GN,23900,Wood,35.0,8.0,9.0,2.5,44.0,2026-04-17T15:46:34Z
22GN-35D5A-FRBK,FLATBED GOOSENECK,3,22GN,23900,Wood,35.0,8.0,9.0,2.5,44.0,2026-04-17T15:46:34Z
22GN-35D5A-MRBK,FLATBED GOOSENECK,1,22GN,23900,Wood,35.0,8.0,9.0,2.5,44.0,2026-04-17T15:46:34Z
22GN-35STA,FLATBED GOOSENECK,3,22GN,23900,Wood,35.0,8.0,9.0,2.5,44.0,2026-04-17T15:46:34Z
22GN-36,FLATBED GOOSENECK,4,22GN,23900,Wood,36.0,8.0,9.0,2.5,45.0,2026-04-17T15:46:34Z
22GN-36STA,FLATBED GOOSENECK,3,22GN,23900,Wood,36.0,8.0,9.0,2.5,45.0,2026-04-17T15:46:34Z
22GN-40-HDTS,FLATBED GOOSENECK,4,22GN,23900,Wood,40.0,8.0,9.0,2.5,49.0,2026-04-17T15:46:34Z
22GN-40BK-HDTS,FLATBED GOOSENECK,4,22GN,23900,Wood,40.0,8.0,9.0,2.5,49.0,2026-04-17T15:46:34Z
22GN-40BK8SIR,FLATBED GOOSENECK,4,22GN,23900,Wood,40.0,8.0,9.0,2.5,49.0,2026-04-17T15:46:34Z
22GN-40D5A,FLATBED GOOSENECK,3,22GN,23900,Wood,40.0,8.0,9.0,2.5,49.0,2026-04-17T15:46:34Z
22GN-40D5A-FRBK,FLATBED GOOSENECK,3,22GN,23900,Wood,40.0,8.0,9.0,2.5,49.0,2026-04-17T15:46:34Z
22GN-40D5A-MRBK,FLATBED GOOSENECK,1,22GN,23900,Wood,40.0,8.0,9.0,2.5,49.0,2026-04-17T15:46:34Z
22GN-40STA,FLATBED GOOSENECK,3,22GN,23900,Wood,40.0,8.0,9.0,2.5,49.0,2026-04-17T15:46:34Z
22GN-40STA-S8BK,FLATBED GOOSENECK,2,22GN,23900,Wood,40.0,8.0,9.0,2.5,49.0,2026-04-17T15:46:34Z
22GN-40STA-XRBK,FLATBED GOOSENECK,3,22GN,23900,Wood,40.0,8.0,9.0,2.5,49.0,2026-04-17T15:46:34Z
22PH-20+5,"DECK-OVER, TAG-ALONG",3,22PH,23900,Wood,25.0,8.0,6.0,2.5,31.0,2026-04-17T15:46:34Z
22PH-20BK+5,"DECK-OVER, TAG-ALONG",3,22PH,23900,Wood,25.0,8.0,6.0,2.5,31.0,2026-04-17T15:46:34Z
22PH-20BK+5MR,"DECK-OVER, TAG-ALONG",2,22PH,23900,Wood,25.0,8.0,6.0,2.5,31.0,2026-04-17T15:46:34Z
22PH-25,"DECK-OVER, TAG-ALONG",3,22PH,23900,Wood,25.0,8.0,6.0,2.5,31.0,2026-04-17T15:46:34Z
22PH-25+5,"DECK-OVER, TAG-ALONG",3,22PH,23900,Wood,30.0,8.0,6.0,2.5,36.0,2026-04-17T15:46:34Z
22PH-25BK+5MR,"DECK-OVER, TAG-ALONG",2,22PH,23900,Wood,30.0,8.0,6.0,2.5,36.0,2026-04-17T15:46:34Z
25DU-18,DUMP,4,25DU,25000,Steel,18.0,8.0,9.0,7.0,27.0,2026-04-17T15:46:34Z
25DU-20,DUMP,3,25DU,25000,Steel,20.0,7.0,9.0,7.0,29.0,2026-04-17T15:46:34Z
25DU-20BK8SIR,DUMP,1,25DU,25000,Steel,20.0,7.0,9.0,7.0,29.0,2026-04-17T15:46:34Z
25DU-20P,DUMP,4,25DU,25000,Steel,20.0,8.0,9.0,7.0,29.0,2026-04-17T15:46:34Z
25GN-20+5,FLATBED GOOSENECK,4,25GN,25900,Wood,25.0,8.0,9.0,2.5,34.0,2026-04-17T15:46:34Z
25GN-20BK+5,FLATBED GOOSENECK,4,25GN,25900,Wood,25.0,8.0,9.0,2.5,34.0,2026-04-17T15:46:34Z
25GN-20BK+5MR,FLATBED GOOSENECK,4,25GN,25900,Wood,25.0,8.0,9.0,2.5,34.0,2026-04-17T15:46:34Z
25GN-20STA,FLATBED GOOSENECK,3,25GN,25900,Wood,20.0,8.0,9.0,2.5,29.0,2026-04-17T15:46:34Z
25GN-25+5,FLATBED GOOSENECK,4,25GN,25900,Wood,30.0,8.0,9.0,2.5,39.0,2026-04-17T15:46:34Z
25GN-25BK+5MR,FLATBED GOOSENECK,4,25GN,25900,Wood,30.0,8.0,9.0,2.5,39.0,2026-04-17T15:46:34Z
25GN-25D5A,FLATBED GOOSENECK,3,25GN,25900,Wood,25.0,8.0,9.0,2.5,34.0,2026-04-17T15:46:34Z
25GN-25D5A-FRBK,FLATBED GOOSENECK,3,25GN,25900,Wood,25.0,8.0,9.0,2.5,34.0,2026-04-17T15:46:34Z
25GN-25D5A-MRBK,FLATBED GOOSENECK,2,25GN,25900,Wood,25.0,8.0,9.0,2.5,34.0,2026-04-17T15:46:34Z
25GN-25STA,FLATBED GOOSENECK,3,25GN,25900,Wood,25.0,8.0,9.0,2.5,34.0,2026-04-17T15:46:34Z
25GN-28+5,FLATBED GOOSENECK,4,25GN,25900,Wood,33.0,8.0,9.0,2.5,42.0,2026-04-17T15:46:34Z
25GN-28BK+5MR,FLATBED GOOSENECK,4,25GN,25900,Wood,33.0,8.0,9.0,2.5,42.0,2026-04-17T15:46:34Z
25GN-28STA,FLATBED GOOSENECK,3,25GN,25900,Wood,28.0,8.0,9.0,2.5,37.0,2026-04-17T15:46:34Z
25GN-30,FLATBED GOOSENECK,4,25GN,25900,Wood,30.0,8.0,9.0,2.5,39.0,2026-04-17T15:46:34Z
25GN-30+5,FLATBED GOOSENECK,4,25GN,25900,Wood,35.0,8.0,9.0,2.5,44.0,2026-04-17T15:46:34Z
25GN-30BK+5MR,FLATBED GOOSENECK,4,25GN,25900,Wood,35.0,8.0,9.0,2.5,44.0,2026-04-17T15:46:34Z
25GN-30D5A,FLATBED GOOSENECK,3,25GN,25900,Wood,30.0,8.0,9.0,2.5,39.0,2026-04-17T15:46:34Z
25GN-30D5A-FRBK,FLATBED GOOSENECK,3,25GN,25900,Wood,30.0,8.0,9.0,2.5,39.0,2026-04-17T15:46:34Z
25GN-30D5A-MRBK,FLATBED GOOSENECK,1,25GN,25900,Wood,30.0,8.0,9.0,2.5,39.0,2026-04-17T15:46:34Z
25GN-30STA,FLATBED GOOSENECK,3,25GN,25900,Wood,30.0,8.0,9.0,2.5,39.0,2026-04-17T15:46:34Z
25GN-33D5A,FLATBED GOOSENECK,3,25GN,25900,Wood,33.0,8.0,9.0,2.5,42.0,2026-04-17T15:46:34Z
25GN-33D5A-FRBK,FLATBED GOOSENECK,3,25GN,25900,Wood,33.0,8.0,9.0,2.5,42.0,2026-04-17T15:46:34Z
25GN-33D5A-MRBK,FLATBED GOOSENECK,1,25GN,25900,Wood,33.0,8.0,9.0,2.5,42.0,2026-04-17T15:46:34Z
25GN-33STA,FLATBED GOOSENECK,3,25GN,25900,Wood,33.0,8.0,9.0,2.5,42.0,2026-04-17T15:46:34Z
25GN-35+5,FLATBED GOOSENECK,4,25GN,25900,Wood,40.0,8.0,9.0,2.5,49.0,2026-04-17T15:46:34Z
25GN-35-HDTS,FLATBED GOOSENECK,4,25GN,25900,Wood,35.0,8.0,9.0,2.5,44.0,2026-04-17T15:46:34Z
25GN-35BK+5MR,FLATBED GOOSENECK,4,25GN,25900,Wood,40.0,8.0,9.0,2.5,49.0,2026-04-17T15:46:34Z
25GN-35BK+5MR-EHD,FLATBED GOOSENECK,4,25GN,25900,Wood,40.0,8.0,9.0,2.5,49.0,2026-04-17T15:46:34Z
25GN-35BK-HDTS,FLATBED GOOSENECK,4,25GN,25900,Wood,35.0,8.0,9.0,2.5,44.0,2026-04-17T15:46:34Z
25GN-35D5A,FLATBED GOOSENECK,3,25GN,25900,Wood,35.0,8.0,9.0,2.5,44.0,2026-04-17T15:46:34Z
25GN-35D5A-FRBK,FLATBED GOOSENECK,3,25GN,25900,Wood,35.0,8.0,9.0,2.5,44.0,2026-04-17T15:46:34Z
25GN-35D5A-MRBK,FLATBED GOOSENECK,2,25GN,25900,Wood,35.0,8.0,9.0,2.5,44.0,2026-04-17T15:46:34Z
25GN-35STA,FLATBED GOOSENECK,3,25GN,25900,Wood,35.0,8.0,9.0,2.5,44.0,2026-04-17T15:46:34Z
25GN-36,FLATBED GOOSENECK,4,25GN,25900,Wood,36.0,8.0,9.0,2.5,45.0,2026-04-17T15:46:34Z
25GN-36BK,FLATBED GOOSENECK,4,25GN,25900,Wood,36.0,8.0,9.0,2.5,45.0,2026-04-17T15:46:34Z
25GN-36STA,FLATBED GOOSENECK,3,25GN,25900,Wood,36.0,8.0,9.0,2.5,45.0,2026-04-17T15:46:34Z
25GN-40,FLATBED GOOSENECK,4,25GN,25900,Wood,40.0,8.0,9.0,2.5,49.0,2026-04-17T15:46:34Z
25GN-40-HDTS,FLATBED GOOSENECK,4,25GN,25900,Wood,40.0,8.0,9.0,2.5,49.0,2026-04-17T15:46:34Z
25GN-40BK,FLATBED GOOSENECK,4,25GN,25900,Wood,40.0,8.0,9.0,2.5,49.0,2026-04-17T15:46:34Z
25GN-40BK-HDTS,FLATBED GOOSENECK,4,25GN,25900,Wood,40.0,8.0,9.0,2.5,49.0,2026-04-17T15:46:34Z
25GN-40BK8SIR,FLATBED GOOSENECK,4,25GN,25900,Wood,40.0,8.0,9.0,2.5,49.0,2026-04-17T15:46:34Z
25GN-40D5A,FLATBED GOOSENECK,3,25GN,25900,Wood,40.0,8.0,9.0,2.5,49.0,2026-04-17T15:46:34Z
25GN-40D5A-FRBK,FLATBED GOOSENECK,3,25GN,25900,Wood,40.0,8.0,9.0,2.5,49.0,2026-04-17T15:46:34Z
25GN-40D5A-MRBK,FLATBED GOOSENECK,1,25GN,25900,Wood,40.0,8.0,9.0,2.5,49.0,2026-04-17T15:46:34Z
25GN-40D5A-MRBKEHD,FLATBED GOOSENECK,3,25GN,25900,Wood,40.0,8.0,9.0,2.5,49.0,2026-04-17T15:46:34Z
25GN-40STA,FLATBED GOOSENECK,3,25GN,25900,Wood,40.0,8.0,9.0,2.5,49.0,2026-04-17T15:46:34Z
25GN-40STA-S8BK,FLATBED GOOSENECK,3,25GN,25900,Wood,40.0,8.0,9.0,2.5,49.0,2026-04-17T15:46:34Z
25GN-40STA-XRBK,FLATBED GOOSENECK,3,25GN,25900,Wood,40.0,8.0,9.0,2.5,49.0,2026-04-17T15:46:34Z
25PH-20+5,"DECK-OVER, TAG-ALONG",3,25PH,25900,Wood,25.0,8.0,6.0,2.5,31.0,2026-04-17T15:46:34Z
25PH-20BK+5,"DECK-OVER, TAG-ALONG",3,25PH,25900,Wood,25.0,8.0,6.0,2.5,31.0,2026-04-17T15:46:34Z
25PH-20BK+5MR,"DECK-OVER, TAG-ALONG",3,25PH,25900,Wood,25.0,8.0,6.0,2.5,31.0,2026-04-17T15:46:34Z
25PH-25,"DECK-OVER, TAG-ALONG",3,25PH,25900,Wood,25.0,8.0,6.0,2.5,31.0,2026-04-17T15:46:34Z
25PH-25+5,"DECK-OVER, TAG-ALONG",3,25PH,25900,Wood,30.0,8.0,6.0,2.5,36.0,2026-04-17T15:46:34Z
25PH-25BK+5,"DECK-OVER, TAG-ALONG",3,25PH,25900,Wood,30.0,8.0,6.0,2.5,36.0,2026-04-17T15:46:34Z
25PH-25BK+5MR,"DECK-OVER, TAG-ALONG",3,25PH,25900,Wood,30.0,8.0,6.0,2.5,36.0,2026-04-17T15:46:34Z
30SA-08,SINGLE AXLE,3,30SA,2995,Wood,8.0,5.0,3.0,2.0,11.0,2026-04-17T15:46:34Z
30SA-08BK4RG,SINGLE AXLE,4,30SA,2995,Wood,8.0,5.0,3.0,2.0,11.0,2026-04-17T15:46:34Z
30SA-08BKEX2,SINGLE AXLE,4,30SA,2995,Wood,8.0,5.0,3.0,3.25,11.0,2026-04-17T15:46:34Z
30SA-08R1A-4PBK,SINGLE AXLE,1,30SA,2995,Wood,8.0,5.0,3.0,2.0,11.0,2026-04-17T15:46:34Z
30SA-10,SINGLE AXLE,3,30SA,2995,Wood,10.0,5.0,3.0,2.0,13.0,2026-04-17T15:46:34Z
30SA-10BK4RG,SINGLE AXLE,4,30SA,2995,Wood,10.0,5.0,3.0,2.0,13.0,2026-04-17T15:46:34Z
30SA-10BKEX2,SINGLE AXLE,4,30SA,2995,Wood,10.0,5.0,3.0,3.25,13.0,2026-04-17T15:46:34Z
30SA-10R1A-4PBK,SINGLE AXLE,1,30SA,2995,Wood,10.0,5.0,3.0,2.0,13.0,2026-04-17T15:46:34Z
30SA-12BK4RG,SINGLE AXLE,4,30SA,2995,Wood,12.0,5.0,3.0,2.0,15.0,2026-04-17T15:46:34Z
30SA-14BK4RG,SINGLE AXLE,4,30SA,2995,Wood,14.0,5.0,3.0,2.0,17.0,2026-04-17T15:46:34Z
30SV-08,VANGUARD/LANDSCAPE,3,30SV,2995,Wood,8.0,5.0,3.0,3.25,11.0,2026-04-17T15:46:34Z
30SV-08BK,VANGUARD/LANDSCAPE,2,30SV,2995,Wood,8.0,5.0,3.0,3.25,11.0,2026-04-17T15:46:34Z
30SV-10,VANGUARD/LANDSCAPE,3,30SV,2995,Wood,10.0,5.0,3.0,3.25,13.0,2026-04-17T15:46:34Z
30SV-10BK,VANGUARD/LANDSCAPE,1,30SV,2995,Wood,10.0,5.0,3.0,3.25,13.0,2026-04-17T15:46:34Z
30SV-12,VANGUARD/LANDSCAPE,3,30SV,2995,Wood,12.0,5.0,3.0,3.25,15.0,2026-04-17T15:46:34Z
30SV-12BK,VANGUARD/LANDSCAPE,3,30SV,2995,Wood,12.0,5.0,3.0,3.25,15.0,2026-04-17T15:46:34Z
35LS-12,VANGUARD/LANDSCAPE,4,35LS,2995,Wood,12.0,6.5,3.0,3.25,15.0,2026-04-17T15:46:34Z
35LS-12BK,VANGUARD/LANDSCAPE,4,35LS,2995,Wood,12.0,6.5,3.0,3.25,15.0,2026-04-17T15:46:34Z
35LS-12BK-P4,VANGUARD/LANDSCAPE,4,35LS,2995,Wood,12.0,6.5,3.0,5.0,15.0,2026-04-17T15:46:34Z
35LS-14,VANGUARD/LANDSCAPE,4,35LS,2995,Wood,14.0,6.5,3.0,3.25,17.0,2026-04-17T15:46:34Z
35LS-14BK,VANGUARD/LANDSCAPE,4,35LS,2995,Wood,14.0,6.5,3.0,3.25,17.0,2026-04-17T15:46:34Z
35LS-14BK-P4,VANGUARD/LANDSCAPE,4,35LS,2995,Wood,14.0,6.5,3.0,5.0,17.0,2026-04-17T15:46:34Z
35SA-10,SINGLE AXLE,3,35SA,2995,Wood,10.0,6.5,3.0,2.0,13.0,2026-04-17T15:46:34Z
35SA-10BK4RG,SINGLE AXLE,4,35SA,2995,Wood,10.0,6.5,3.0,2.0,13.0,2026-04-17T15:46:34Z
35SA-10BKEX2,SINGLE AXLE,4,35SA,2995,Wood,10.0,6.5,3.0,3.25,13.0,2026-04-17T15:46:34Z
35SA-10R1A-4PBK,SINGLE AXLE,1,35SA,2995,Wood,10.0,6.5,3.0,2.0,13.0,2026-04-17T15:46:34Z
35SA-10XBK4RG,SINGLE AXLE,4,35SA,2995,Wood,10.0,6.5,3.0,2.0,13.0,2026-04-17T15:46:34Z
35SA-12,SINGLE AXLE,3,35SA,2995,Wood,12.0,6.5,3.0,2.0,15.0,2026-04-17T15:46:34Z
35SA-12BK4RG,SINGLE AXLE,4,35SA,2995,Wood,12.0,6.5,3.0,2.0,15.0,2026-04-17T15:46:34Z
35SA-12BKEX2,SINGLE AXLE,4,35SA,2995,Wood,12.0,6.5,3.0,3.25,15.0,2026-04-17T15:46:34Z
35SA-12BKRSX,SINGLE AXLE,4,35SA,2995,Wood,12.0,6.5,3.0,2.0,15.0,2026-04-17T15:46:34Z
35SA-12R1A-4PBK,SINGLE AXLE,1,35SA,2995,Wood,12.0,6.5,3.0,2.0,15.0,2026-04-17T15:46:34Z
35SA-12RSX,SINGLE AXLE,4,35SA,2995,Wood,12.0,7.0,3.0,2.0,15.0,2026-04-17T15:46:34Z
35SA-12X,SINGLE AXLE,4,35SA,2995,Wood,12.0,7.0,3.0,2.0,15.0,2026-04-17T15:46:34Z
35SA-12XBK4RG,SINGLE AXLE,4,35SA,2995,Wood,12.0,7.0,3.0,2.0,15.0,2026-04-17T15:46:34Z
35SA-14,SINGLE AXLE,3,35SA,2995,Wood,14.0,6.5,3.0,2.0,17.0,2026-04-17T15:46:34Z
35SA-14BK4RG,SINGLE AXLE,4,35SA,2995,Wood,14.0,6.5,3.0,2.0,17.0,2026-04-17T15:46:34Z
35SA-14BKRSX,SINGLE AXLE,4,35SA,2995,Wood,14.0,7.0,3.0,2.0,17.0,2026-04-17T15:46:34Z
35SA-14R1A-4PBK,SINGLE AXLE,1,35SA,2995,Wood,14.0,6.5,3.0,2.0,17.0,2026-04-17T15:46:34Z
35SA-14RSX,SINGLE AXLE,4,35SA,2995,Wood,14.0,7.0,3.0,2.0,17.0,2026-04-17T15:46:34Z
35SA-14X,SINGLE AXLE,4,35SA,2995,Wood,14.0,7.0,3.0,2.0,17.0,2026-04-17T15:46:34Z
35SA-14XBK4RG,SINGLE AXLE,4,35SA,2995,Wood,14.0,7.0,3.0,2.0,17.0,2026-04-17T15:46:34Z
35SV-10,VANGUARD/LANDSCAPE,3,35SV,2995,Wood,10.0,6.5,3.0,3.25,13.0,2026-04-17T15:46:34Z
35SV-10BK,VANGUARD/LANDSCAPE,2,35SV,2995,Wood,10.0,6.5,3.0,3.25,13.0,2026-04-17T15:46:34Z
35SV-12,VANGUARD/LANDSCAPE,3,35SV,2995,Wood,12.0,6.5,3.0,3.25,15.0,2026-04-17T15:46:34Z
35SV-12BK,VANGUARD/LANDSCAPE,1,35SV,2995,Wood,12.0,6.5,3.0,3.25,15.0,2026-04-17T15:46:34Z
35SV-14,VANGUARD/LANDSCAPE,3,35SV,2995,Wood,14.0,6.5,3.0,3.25,17.0,2026-04-17T15:46:34Z
35SV-14BK,VANGUARD/LANDSCAPE,3,35SV,2995,Wood,14.0,6.5,3.0,3.25,17.0,2026-04-17T15:46:34Z
35SX-12,SINGLE AXLE,3,35SX,2995,Wood,12.0,7.0,3.0,2.0,15.0,2026-04-17T15:46:34Z
35SX-12R1A-4PBK,SINGLE AXLE,3,35SX,2995,Wood,12.0,7.0,3.0,2.0,15.0,2026-04-17T15:46:34Z
35SX-14,SINGLE AXLE,3,35SX,2995,Wood,14.0,7.0,3.0,2.0,17.0,2026-04-17T15:46:34Z
35SX-14R1A-4PBK,SINGLE AXLE,3,35SX,2995,Wood,14.0,7.0,3.0,2.0,17.0,2026-04-17T15:46:34Z
35UT-14,SINGLE AXLE,3,35UT,2995,Wood,14.0,7.0,3.0,2.0,17.0,2026-04-17T15:46:34Z
35UT-14BK,SINGLE AXLE,2,35UT,2995,Wood,14.0,7.0,3.0,2.0,17.0,2026-04-17T15:46:34Z
3XGN-20,FLATBED GOOSENECK,3,3XGN,30000,Wood,20.0,8.0,9.0,2.5,29.0,2026-04-17T15:46:34Z
3XGN-20+5,FLATBED GOOSENECK,3,3XGN,30000,Wood,25.0,8.0,9.0,2.5,34.0,2026-04-17T15:46:34Z
3XGN-25,FLATBED GOOSENECK,3,3XGN,30000,Wood,25.0,8.0,9.0,2.5,34.0,2026-04-17T15:46:34Z
3XGN-25+5,FLATBED GOOSENECK,3,3XGN,30000,Wood,30.0,8.0,9.0,2.5,39.0,2026-04-17T15:46:34Z
3XGN-25BK+5-MR,FLATBED GOOSENECK,4,3XGN,30000,Wood,30.0,8.0,9.0,2.5,39.0,2026-04-17T15:46:34Z
3XGN-28+5,FLATBED GOOSENECK,3,3XGN,30000,Wood,33.0,8.0,9.0,2.5,42.0,2026-04-17T15:46:34Z
3XGN-30+5,FLATBED GOOSENECK,3,3XGN,30000,Wood,35.0,8.0,9.0,2.5,44.0,2026-04-17T15:46:34Z
3XGN-35+5,FLATBED GOOSENECK,3,3XGN,30000,Wood,40.0,8.0,9.0,2.5,49.0,2026-04-17T15:46:34Z
3XGN-36,FLATBED GOOSENECK,3,3XGN,30000,Wood,36.0,8.0,9.0,2.5,45.0,2026-04-17T15:46:34Z
3XGN-40,FLATBED GOOSENECK,3,3XGN,30000,Wood,40.0,8.0,9.0,2.5,49.0,2026-04-17T15:46:34Z
3XPH-20+5,"DECK-OVER, TAG-ALONG",3,3XPH,30000,Wood,25.0,8.0,6.0,2.5,31.0,2026-04-17T15:46:34Z
3XPH-25+5,"DECK-OVER, TAG-ALONG",3,3XPH,30000,Wood,30.0,8.0,6.0,2.5,36.0,2026-04-17T15:46:34Z
4XPH-20,"DECK-OVER, TAG-ALONG",3,4XPH,48000,Wood,20.0,8.0,6.0,2.5,26.0,2026-04-17T15:46:34Z
4XPH-20+5,"DECK-OVER, TAG-ALONG",3,4XPH,48000,Wood,25.0,8.0,6.0,2.5,31.0,2026-04-17T15:46:34Z
4XPH-24+5,"DECK-OVER, TAG-ALONG",3,4XPH,48000,Wood,29.0,8.0,6.0,2.5,35.0,2026-04-17T15:46:34Z
5XPH-24+5,FLATBED GOOSENECK,3,5XPH,58000,Wood,28.0,8.0,6.0,2.5,34.0,2026-04-17T15:46:34Z
5XPH-28+5,"DECK-OVER, TAG-ALONG",3,5XPH,58000,Wood,33.0,8.0,6.0,2.5,39.0,2026-04-17T15:46:34Z
60EC-14,CAR HAULER,4,60EC,6000,Wood,14.0,7.0,3.0,1.5,17.0,2026-04-17T15:46:34Z
60EC-14BK,CAR HAULER,4,60EC,6000,Wood,14.0,7.0,3.0,1.5,17.0,2026-04-17T15:46:34Z
60EC-14BK2B,CAR HAULER,4,60EC,6000,Wood,14.0,7.0,3.0,1.5,17.0,2026-04-17T15:46:34Z
60EC-16,CAR HAULER,3,60EC,6000,Wood,16.0,7.0,3.0,1.5,19.0,2026-04-17T15:46:34Z
60EC-16BK,CAR HAULER,1,60EC,6000,Wood,16.0,7.0,3.0,1.5,19.0,2026-04-17T15:46:34Z
60EC-16BK2B,CAR HAULER,1,60EC,6000,Wood,16.0,7.0,3.0,1.5,19.0,2026-04-17T15:46:34Z
60EC-18BK,CAR HAULER,3,60EC,6000,Wood,18.0,7.0,3.0,1.5,21.0,2026-04-17T15:46:34Z
60EC-18BK2B,CAR HAULER,2,60EC,6000,Wood,18.0,7.0,3.0,1.5,21.0,2026-04-17T15:46:34Z
60PI-12,TANDEM AXLE,3,60PI,6000,Wood,12.0,6.5,3.0,2.5,15.0,2026-04-17T15:46:34Z
60PI-12BK4RG,TANDEM AXLE,1,60PI,6000,Wood,12.0,6.5,3.0,2.5,15.0,2026-04-17T15:46:34Z
60PI-12BK4RG2B,TANDEM AXLE,1,60PI,6000,Wood,12.0,6.5,3.0,2.5,15.0,2026-04-17T15:46:34Z
60PI-14,TANDEM AXLE,3,60PI,6000,Wood,14.0,6.5,3.0,2.5,17.0,2026-04-17T15:46:34Z
60PI-14BK4RG,TANDEM AXLE,1,60PI,6000,Wood,14.0,6.5,3.0,2.5,17.0,2026-04-17T15:46:34Z
60PI-14BK4RG2B,TANDEM AXLE,1,60PI,6000,Wood,14.0,6.5,3.0,2.5,17.0,2026-04-17T15:46:34Z
60PI-14BKEX2,TANDEM AXLE,4,60PI,6000,Wood,14.0,6.5,3.0,2.5,17.0,2026-04-17T15:46:34Z
60PI-16,TANDEM AXLE,3,60PI,6000,Wood,16.0,6.5,3.0,2.5,19.0,2026-04-17T15:46:34Z
60PI-16BK4AR,TANDEM AXLE,3,60PI,6000,Wood,16.0,6.5,3.0,2.5,19.0,2026-04-17T15:46:34Z
60PI-16BK4AR2B,TANDEM AXLE,3,60PI,6000,Wood,16.0,6.5,3.0,2.5,19.0,2026-04-17T15:46:34Z
60PI-16BK4RG,TANDEM AXLE,1,60PI,6000,Wood,16.0,6.5,3.0,2.5,19.0,2026-04-17T15:46:34Z
60PI-16BK4RG2B,TANDEM AXLE,1,60PI,6000,Wood,16.0,6.5,3.0,2.5,19.0,2026-04-17T15:46:34Z
60PI-16BKEX2,TANDEM AXLE,4,60PI,6000,Wood,16.0,6.5,3.0,2.5,19.0,2026-04-17T15:46:34Z
70CH-14,CAR HAULER,3,70CH,7000,Wood,14.0,7.0,3.0,1.5,17.0,2026-04-17T15:46:34Z
70CH-14BK,CAR HAULER,3,70CH,7000,Wood,14.0,7.0,3.0,1.5,17.0,2026-04-17T15:46:34Z
70CH-14BK-GA,CAR HAULER,4,70CH,7000,Wood,14.0,7.0,3.0,1.5,17.0,2026-04-17T15:46:34Z
70CH-14BK2B,CAR HAULER,3,70CH,7000,Wood,14.0,7.0,3.0,1.5,17.0,2026-04-17T15:46:34Z
70CH-16,CAR HAULER,3,70CH,7000,Wood,16.0,7.0,3.0,1.5,19.0,2026-04-17T15:46:34Z
70CH-16BK,CAR HAULER,3,70CH,7000,Wood,16.0,7.0,3.0,1.5,19.0,2026-04-17T15:46:34Z
70CH-16BK2B,CAR HAULER,2,70CH,7000,Wood,16.0,7.0,3.0,1.5,19.0,2026-04-17T15:46:34Z
70CH-16BKDT,CAR HAULER,3,70CH,7000,Wood,16.0,7.0,3.0,1.5,19.0,2026-04-17T15:46:34Z
70CH-16BKDT-GA,CAR HAULER,4,70CH,7000,Wood,16.0,7.0,3.0,1.5,19.0,2026-04-17T15:46:34Z
70CH-16BKDT2B,CAR HAULER,3,70CH,7000,Wood,16.0,7.0,3.0,1.5,19.0,2026-04-17T15:46:34Z
70CH-18,CAR HAULER,3,70CH,7000,Wood,18.0,7.0,3.0,1.5,21.0,2026-04-17T15:46:34Z
70CH-18BK,CAR HAULER,2,70CH,7000,Wood,18.0,7.0,3.0,1.5,21.0,2026-04-17T15:46:34Z
70CH-18BK-GA,CAR HAULER,4,70CH,7000,Wood,18.0,7.0,3.0,1.5,21.0,2026-04-17T15:46:34Z
70CH-18BK2B,CAR HAULER,3,70CH,7000,Wood,18.0,7.0,3.0,1.5,21.0,2026-04-17T15:46:34Z
70CH-18BKDT,CAR HAULER,1,70CH,7000,Wood,18.0,7.0,3.0,1.5,21.0,2026-04-17T15:46:34Z
70CH-18BKDT-GA,CAR HAULER,4,70CH,7000,Wood,18.0,7.0,3.0,1.5,21.0,2026-04-17T15:46:34Z
70CH-18BKDT2B,CAR HAULER,1,70CH,7000,Wood,18.0,7.0,3.0,1.5,21.0,2026-04-17T15:46:34Z
70CH-20,CAR HAULER,3,70CH,7000,Wood,20.0,7.0,3.0,1.5,23.0,2026-04-17T15:46:34Z
70CH-20BK,CAR HAULER,3,70CH,7000,Wood,20.0,7.0,3.0,1.5,23.0,2026-04-17T15:46:34Z
70CH-20BK-GA,CAR HAULER,4,70CH,7000,Wood,20.0,7.0,3.0,1.5,23.0,2026-04-17T15:46:34Z
70CH-20BK2B,CAR HAULER,3,70CH,7000,Wood,20.0,7.0,3.0,1.5,23.0,2026-04-17T15:46:34Z
70CH-20BKDT,CAR HAULER,1,70CH,7000,Wood,20.0,7.0,3.0,1.5,23.0,2026-04-17T15:46:34Z
70CH-20BKDT-GA,CAR HAULER,4,70CH,7000,Wood,20.0,7.0,3.0,1.5,23.0,2026-04-17T15:46:34Z
70CH-20BKDT2B,CAR HAULER,1,70CH,7000,Wood,20.0,7.0,3.0,1.5,23.0,2026-04-17T15:46:34Z
70DM-18,CAR HAULER,3,70DM,7000,Steel,18.0,7.0,4.0,1.5,22.0,2026-04-17T15:46:34Z
70DM-18BK,CAR HAULER,3,70DM,7000,Steel,18.0,7.0,4.0,1.5,22.0,2026-04-17T15:46:34Z
70DM-18BK-GA,CAR HAULER,4,70DM,7000,Steel,18.0,7.0,4.0,1.5,22.0,2026-04-17T15:46:34Z
70DM-18BK2B,CAR HAULER,3,70DM,7000,Steel,18.0,7.0,4.0,1.5,22.0,2026-04-17T15:46:34Z
70DM-20,CAR HAULER,3,70DM,7000,Steel,20.0,7.0,4.0,1.5,24.0,2026-04-17T15:46:34Z
70DM-20BK,CAR HAULER,2,70DM,7000,Steel,20.0,7.0,4.0,1.5,24.0,2026-04-17T15:46:34Z
70DM-20BK-GA,CAR HAULER,4,70DM,7000,Steel,20.0,7.0,4.0,1.5,24.0,2026-04-17T15:46:34Z
70DM-20BK2B,CAR HAULER,3,70DM,7000,Steel,20.0,7.0,4.0,1.5,24.0,2026-04-17T15:46:34Z
70LR-14,VANGUARD/LANDSCAPE,4,70LR,7000,Wood,14.0,7.0,3.0,3.25,17.0,2026-04-17T15:46:34Z
70LR-14BK,VANGUARD/LANDSCAPE,4,70LR,7000,Wood,14.0,7.0,3.0,3.25,17.0,2026-04-17T15:46:34Z
70LR-14BK-P4,VANGUARD/LANDSCAPE,4,70LR,7000,Wood,14.0,7.0,3.0,5.0,17.0,2026-04-17T15:46:34Z
70LR-14BK2B,VANGUARD/LANDSCAPE,4,70LR,7000,Wood,14.0,7.0,3.0,3.25,17.0,2026-04-17T15:46:34Z
70LR-16,VANGUARD/LANDSCAPE,4,70LR,7000,Wood,16.0,7.0,3.0,3.25,19.0,2026-04-17T15:46:34Z
70LR-16BK,VANGUARD/LANDSCAPE,4,70LR,7000,Wood,16.0,7.0,3.0,3.25,19.0,2026-04-17T15:46:34Z
70LR-16BK-GA,VANGUARD/LANDSCAPE,4,70LR,7000,Wood,16.0,7.0,3.0,3.25,19.0,2026-04-17T15:46:34Z
70LR-16BK-P4,VANGUARD/LANDSCAPE,4,70LR,7000,Wood,16.0,7.0,3.0,5.0,19.0,2026-04-17T15:46:34Z
70LR-16BK2B,VANGUARD/LANDSCAPE,4,70LR,7000,Wood,16.0,7.0,3.0,3.25,19.0,2026-04-17T15:46:34Z
70PI-14,TANDEM AXLE,3,70PI,7000,Wood,14.0,7.0,3.0,2.5,17.0,2026-04-17T15:46:34Z
70PI-14R1A-4PBK,TANDEM AXLE,2,70PI,7000,Wood,14.0,7.0,3.0,2.5,17.0,2026-04-17T15:46:34Z
70PI-14R1A-4PBK-BRK2,TANDEM AXLE,2,70PI,7000,Wood,14.0,7.0,3.0,2.5,17.0,2026-04-17T15:46:34Z
70PI-14X,TANDEM AXLE,4,70PI,7000,Wood,14.0,7.0,3.0,2.5,17.0,2026-04-17T15:46:34Z
70PI-14XBK,TANDEM AXLE,3,70PI,7000,Wood,14.0,7.0,3.0,2.5,17.0,2026-04-17T15:46:34Z
70PI-14XBK-GA,TANDEM AXLE,4,70PI,7000,Wood,14.0,7.0,3.0,2.5,17.0,2026-04-17T15:46:34Z
70PI-14XBK4RG,TANDEM AXLE,4,70PI,7000,Wood,14.0,7.0,3.0,2.5,17.0,2026-04-17T15:46:34Z
70PI-14XBK4RG-GA,TANDEM AXLE,4,70PI,7000,Wood,14.0,7.0,3.0,2.5,17.0,2026-04-17T15:46:34Z
70PI-14XBK4RG2B,TANDEM AXLE,2,70PI,7000,Wood,14.0,7.0,3.0,2.5,17.0,2026-04-17T15:46:34Z
70PI-16,TANDEM AXLE,3,70PI,7000,Wood,16.0,7.0,3.0,2.5,19.0,2026-04-17T15:46:34Z
70PI-16R1A-4PBK,TANDEM AXLE,1,70PI,7000,Wood,16.0,7.0,3.0,2.5,19.0,2026-04-17T15:46:34Z
70PI-16R1A-4PBK-BRK2,TANDEM AXLE,1,70PI,7000,Wood,16.0,7.0,3.0,2.5,19.0,2026-04-17T15:46:34Z
70PI-16X,TANDEM AXLE,4,70PI,7000,Wood,16.0,7.0,3.0,2.5,19.0,2026-04-17T15:46:34Z
70PI-16XBK,TANDEM AXLE,2,70PI,7000,Wood,16.0,7.0,3.0,2.5,19.0,2026-04-17T15:46:34Z
70PI-16XBK-GA,TANDEM AXLE,4,70PI,7000,Wood,16.0,7.0,3.0,2.5,19.0,2026-04-17T15:46:34Z
70PI-16XBK2B,TANDEM AXLE,3,70PI,7000,Wood,16.0,7.0,3.0,2.5,19.0,2026-04-17T15:46:34Z
70PI-16XBK4RG,TANDEM AXLE,4,70PI,7000,Wood,16.0,7.0,3.0,2.5,19.0,2026-04-17T15:46:34Z
70PI-16XBK4RG-GA,TANDEM AXLE,4,70PI,7000,Wood,16.0,7.0,3.0,2.5,19.0,2026-04-17T15:46:34Z
70PI-16XBK4RG2B,TANDEM AXLE,4,70PI,7000,Wood,16.0,7.0,3.0,2.5,19.0,2026-04-17T15:46:34Z
70PI-18,TANDEM AXLE,3,70PI,7000,Wood,18.0,7.0,3.0,2.5,21.0,2026-04-17T15:46:34Z
70PI-18R1A-4PBK,TANDEM AXLE,2,70PI,7000,Wood,18.0,7.0,3.0,2.5,21.0,2026-04-17T15:46:34Z
70PI-18R1A-4PBK-BRK2,TANDEM AXLE,1,70PI,7000,Wood,18.0,7.0,3.0,2.5,21.0,2026-04-17T15:46:34Z
70PI-18X,TANDEM AXLE,4,70PI,7000,Wood,18.0,7.0,3.0,2.5,21.0,2026-04-17T15:46:34Z
70PI-18XBK,TANDEM AXLE,2,70PI,7000,Wood,18.0,7.0,3.0,2.5,21.0,2026-04-17T15:46:34Z
70PI-18XBK-GA,TANDEM AXLE,4,70PI,7000,Wood,18.0,7.0,3.0,2.5,21.0,2026-04-17T15:46:34Z
70PI-18XBK2B,TANDEM AXLE,3,70PI,7000,Wood,18.0,7.0,3.0,2.5,21.0,2026-04-17T15:46:34Z
70PI-18XBK4RG,TANDEM AXLE,4,70PI,7000,Wood,18.0,7.0,3.0,2.5,21.0,2026-04-17T15:46:34Z
70PI-18XBK4RG-GA,TANDEM AXLE,4,70PI,7000,Wood,18.0,7.0,3.0,2.5,21.0,2026-04-17T15:46:34Z
70PI-18XBK4RG2B,TANDEM AXLE,4,70PI,7000,Wood,18.0,7.0,3.0,2.5,21.0,2026-04-17T15:46:34Z
70PI-20,TANDEM AXLE,3,70PI,7000,Wood,20.0,7.0,3.0,2.5,23.0,2026-04-17T15:46:34Z
70PI-20R1A-4PBK,TANDEM AXLE,2,70PI,7000,Wood,20.0,7.0,3.0,2.5,23.0,2026-04-17T15:46:34Z
70PI-20R1A-4PBK-BRK2,TANDEM AXLE,1,70PI,7000,Wood,20.0,7.0,3.0,2.5,23.0,2026-04-17T15:46:34Z
70PI-20X,TANDEM AXLE,4,70PI,7000,Wood,20.0,7.0,3.0,2.5,23.0,2026-04-17T15:46:34Z
70PI-20XBK,TANDEM AXLE,2,70PI,7000,Wood,20.0,7.0,3.0,2.5,23.0,2026-04-17T15:46:34Z
70PI-20XBK-GA,TANDEM AXLE,4,70PI,7000,Wood,20.0,7.0,3.0,2.5,23.0,2026-04-17T15:46:34Z
70PI-20XBK2B,TANDEM AXLE,3,70PI,7000,Wood,20.0,7.0,3.0,2.5,23.0,2026-04-17T15:46:34Z
70PI-20XBK4RG,TANDEM AXLE,4,70PI,7000,Wood,20.0,7.0,3.0,2.5,23.0,2026-04-17T15:46:34Z
70PI-20XBK4RG-GA,TANDEM AXLE,4,70PI,7000,Wood,20.0,7.0,3.0,2.5,23.0,2026-04-17T15:46:34Z
70PI-20XBK4RG2B,TANDEM AXLE,4,70PI,7000,Wood,20.0,7.0,3.0,2.5,23.0,2026-04-17T15:46:34Z
70SR-10-5WDD,DUMP,1,70SR,7000,Steel,10.0,5.0,4.0,3.0,14.0,2026-04-17T15:46:34Z
70ST-13,TILT DECK,3,70ST,7000,Wood,13.0,7.0,4.0,1.5,17.0,2026-04-17T15:46:34Z
70ST-13BK,TILT DECK,2,70ST,7000,Wood,13.0,7.0,4.0,1.5,17.0,2026-04-17T15:46:34Z
70ST-16,TILT DECK,3,70ST,7000,Wood,16.0,7.0,4.0,1.5,20.0,2026-04-17T15:46:34Z
70ST-16BK,TILT DECK,2,70ST,7000,Wood,16.0,7.0,4.0,1.5,20.0,2026-04-17T15:46:34Z
70TV-12,VANGUARD/LANDSCAPE,3,70TV,7000,Wood,12.0,7.0,3.0,3.25,15.0,2026-04-17T15:46:34Z
70TV-12BK,VANGUARD/LANDSCAPE,3,70TV,7000,Wood,12.0,7.0,3.0,3.25,15.0,2026-04-17T15:46:34Z
70TV-12BK-GA,VANGUARD/LANDSCAPE,4,70TV,7000,Wood,12.0,7.0,3.0,3.25,15.0,2026-04-17T15:46:34Z
70TV-12BK2B,VANGUARD/LANDSCAPE,3,70TV,7000,Wood,12.0,7.0,3.0,3.25,15.0,2026-04-17T15:46:34Z
70TV-14,VANGUARD/LANDSCAPE,3,70TV,7000,Wood,14.0,7.0,3.0,3.25,17.0,2026-04-17T15:46:34Z
70TV-14BK,VANGUARD/LANDSCAPE,2,70TV,7000,Wood,14.0,7.0,3.0,3.25,17.0,2026-04-17T15:46:34Z
70TV-14BK-GA,VANGUARD/LANDSCAPE,4,70TV,7000,Wood,14.0,7.0,3.0,3.25,17.0,2026-04-17T15:46:34Z
70TV-14BK2B,VANGUARD/LANDSCAPE,2,70TV,7000,Wood,14.0,7.0,3.0,3.25,17.0,2026-04-17T15:46:34Z
70TV-16,VANGUARD/LANDSCAPE,3,70TV,7000,Wood,16.0,7.0,3.0,3.25,19.0,2026-04-17T15:46:34Z
70TV-16BK,VANGUARD/LANDSCAPE,2,70TV,7000,Wood,16.0,7.0,3.0,3.25,19.0,2026-04-17T15:46:34Z
70TV-16BK-GA,VANGUARD/LANDSCAPE,4,70TV,7000,Wood,16.0,7.0,3.0,3.25,19.0,2026-04-17T15:46:34Z
70TV-16BK2B,VANGUARD/LANDSCAPE,2,70TV,7000,Wood,16.0,7.0,3.0,3.25,19.0,2026-04-17T15:46:34Z
70TV-18,VANGUARD/LANDSCAPE,3,70TV,7000,Wood,18.0,7.0,3.0,3.25,21.0,2026-04-17T15:46:34Z
70TV-18BK,VANGUARD/LANDSCAPE,3,70TV,7000,Wood,18.0,7.0,3.0,3.25,21.0,2026-04-17T15:46:34Z
70TV-18BK2B,VANGUARD/LANDSCAPE,3,70TV,7000,Wood,18.0,7.0,3.0,3.25,21.0,2026-04-17T15:46:34Z
90SR-10,DUMP,3,90SR,9990,Steel,10.0,7.0,4.0,4.0,14.0,2026-04-17T15:46:34Z
90SR-10BK6SIR,DUMP,1,90SR,9990,Steel,10.0,6.0,4.0,4.0,14.0,2026-04-17T15:46:34Z
90SR-10BK7SIR,DUMP,4,90SR,9990,Steel,10.0,6.0,4.0,4.0,14.0,2026-04-17T15:46:34Z
90SR-12,DUMP,3,90SR,9990,Steel,12.0,7.0,4.0,4.0,16.0,2026-04-17T15:46:34Z
90SR-12BK6SIR,DUMP,1,90SR,9990,Steel,12.0,6.0,4.0,4.0,16.0,2026-04-17T15:46:34Z
EQ14-17+3,EQUIPMENT HAULER,2,EQ14,14000,Wood,20.0,7.0,5.0,2.0,25.0,2026-04-17T15:46:34Z
EQ16-17+3,EQUIPMENT HAULER,3,EQ16,17500,Wood,20.0,7.0,5.0,2.0,25.0,2026-04-17T15:46:34Z
SU35-12BK4RG,SINGLE AXLE,2,SU35,2995,Wood,12.0,6.5,3.0,2.0,15.0,2026-04-17T15:46:34Z
SU35-14BK4RG,SINGLE AXLE,2,SU35,2995,Wood,14.0,6.5,3.0,2.0,17.0,2026-04-17T15:46:34Z
TC14-14BK,DUMP,2,TC14,14000,Steel,14.0,7.0,4.0,3.0,18.0,2026-04-17T15:46:34Z
TH10-20BK4CR,CAR HAULER,2,TH10,9990,Wood,20.0,7.0,3.0,1.5,23.0,2026-04-17T15:46:34Z
TH70-18BK4AR2B,CAR HAULER,2,TH70,7000,Wood,18.0,7.0,3.0,1.5,21.0,2026-04-17T15:46:34Z
TH70-20BK4AR2B,CAR HAULER,2,TH70,7000,Wood,20.0,7.0,3.0,1.5,23.0,2026-04-17T15:46:34Z
TT14-20BK,TILT DECK,3,TT14,14000,Wood,20.0,7.0,5.0,1.5,25.0,2026-04-17T15:46:34Z
TT14-22BK,TILT DECK,3,TT14,14000,Wood,22.0,7.0,5.0,1.5,27.0,2026-04-17T15:46:34Z
TT16-20BK,TILT DECK,3,TT16,17500,Wood,20.0,7.0,5.0,1.5,25.0,2026-04-17T15:46:34Z
TT16-22BK,TILT DECK,3,TT16,17500,Wood,22.0,7.0,5.0,1.5,27.0,2026-04-17T15:46:34Z
TU10-20BK4CR,TANDEM AXLE,3,TU10,9990,Wood,20.0,7.0,3.0,2.5,23.0,2026-04-17T15:46:34Z
TU14-20BK4CR,TANDEM AXLE,3,TU14,14000,Wood,20.0,7.0,3.0,2.5,23.0,2026-04-17T15:46:34Z
TU60-16BK4AR2B,TANDEM AXLE,2,TU60,6000,Wood,16.0,6.5,3.0,2.5,19.0,2026-04-17T15:46:34Z
TU60-16BK4RG2B,TANDEM AXLE,3,TU60,6000,Wood,16.0,6.5,3.0,2.5,19.0,2026-04-17T15:46:34Z
TU70-18BK4AR2B,TANDEM AXLE,2,TU70,7000,Wood,18.0,7.0,3.0,2.5,21.0,2026-04-17T15:46:34Z
TU70-18BK4RG2B,TANDEM AXLE,3,TU70,7000,Wood,18.0,7.0,3.0,2.5,21.0,2026-04-17T15:46:34Z
TU70-20BK4AR2B,TANDEM AXLE,2,TU70,7000,Wood,20.0,7.0,3.0,2.5,23.0,2026-04-17T15:46:34Z
TU70-20BK4RG2B,TANDEM AXLE,3,TU70,7000,Wood,20.0,7.0,3.0,2.5,23.0,2026-04-17T15:46:34Z
