item_number,mcat,tier,model,gvwr,floor_type,bed_length,width,tongue,stack_height,total_footprint,updated_at,matched_weight_lbs,weight_match_found
10CH-16,CAR HAULER,4,10CH,9990,Wood,16,7.0,3,1.5,23,2026-05-12T14:11:41Z,1970,Y
10CH-16BKDT,CAR HAULER,4,10CH,9990,Wood,16,7.0,3,1.5,20,2026-05-12T14:11:41Z,,N
10CH-18,CAR HAULER,3,10CH,9990,Wood,18,7.0,3,1.5,22,2026-05-12T14:11:41Z,2125,Y
10CH-18BK,CAR HAULER,3,10CH,9990,Wood,18,7.0,3,1.5,22,2026-05-12T14:11:41Z,,N
10CH-18BKDT,CAR HAULER,2,10CH,9990,Wood,18,7.0,3,1.5,22,2026-05-12T14:11:41Z,2320,Y
10CH-20,CAR HAULER,3,10CH,9990,Wood,20,7.0,3,1.5,24,2026-05-12T14:11:41Z,2280,Y
10CH-20BK,CAR HAULER,3,10CH,9990,Wood,20,7.0,3,1.5,24,2026-05-12T14:11:41Z,2280,Y
10CH-20BKDT,CAR HAULER,2,10CH,9990,Wood,20,7.0,3,1.5,24,2026-05-12T14:11:41Z,2320,Y
10DM-18,CAR HAULER,3,10DM,9990,Steel,18,7.0,4,1.5,22,2026-05-12T14:11:41Z,2480,Y
10DM-18BK,CAR HAULER,3,10DM,9990,Steel,18,7.0,4,1.5,22,2026-05-12T14:11:41Z,2480,Y
10DM-20,CAR HAULER,3,10DM,9990,Steel,20,7.0,4,1.5,24,2026-05-12T14:11:41Z,2630,Y
10DM-20BK,CAR HAULER,2,10DM,9990,Steel,20,7.0,4,1.5,24,2026-05-12T14:11:41Z,2630,Y
10DM-22,CAR HAULER,4,10DM,9990,Steel,22,7.0,4,1.5,26,2026-05-12T14:11:41Z,2790,Y
10DM-22BK,CAR HAULER,4,10DM,9990,Steel,22,7.0,4,1.5,26,2026-05-12T14:11:41Z,2790,Y
60EC-14,CAR HAULER,4,60EC,6000,Wood,14,7.0,3,1.5,17,2026-05-12T14:11:41Z,1620,Y
60EC-14BK,CAR HAULER,4,60EC,6000,Wood,14,7.0,3,1.5,17,2026-05-12T14:11:41Z,1620,Y
60EC-14BK2B,CAR HAULER,4,60EC,6000,Wood,14,7.0,3,1.5,17,2026-05-12T14:11:41Z,1620,Y
60EC-16,CAR HAULER,3,60EC,6000,Wood,16,7.0,3,1.5,19,2026-05-12T14:11:41Z,1710,Y
60EC-16BK,CAR HAULER,1,60EC,6000,Wood,16,7.0,3,1.5,19,2026-05-12T14:11:41Z,1710,Y
60EC-16BK2B,CAR HAULER,1,60EC,6000,Wood,16,7.0,3,1.5,19,2026-05-12T14:11:41Z,1710,Y
60EC-18BK,CAR HAULER,3,60EC,6000,Wood,18,7.0,3,1.5,21,2026-05-12T14:11:41Z,1800,Y
60EC-18BK2B,CAR HAULER,2,60EC,6000,Wood,18,7.0,3,1.5,21,2026-05-12T14:11:41Z,1800,Y
70CH-14,CAR HAULER,3,70CH,7000,Wood,14,7.0,3,1.5,17,2026-05-12T14:11:41Z,1610,Y
70CH-14BK,CAR HAULER,3,70CH,7000,Wood,14,7.0,3,1.5,17,2026-05-12T14:11:41Z,1732,Y
70CH-14BK2B,CAR HAULER,3,70CH,7000,Wood,14,7.0,3,1.5,17,2026-05-12T14:11:41Z,1732,Y
70CH-16,CAR HAULER,3,70CH,7000,Wood,16,7.0,3,1.5,19,2026-05-12T14:11:41Z,1760,Y
70CH-16BK,CAR HAULER,3,70CH,7000,Wood,16,7.0,3,1.5,19,2026-05-12T14:11:41Z,1882,Y
70CH-16BK2B,CAR HAULER,2,70CH,7000,Wood,16,7.0,3,1.5,19,2026-05-12T14:11:41Z,1882,Y
70CH-16BKDT,CAR HAULER,3,70CH,7000,Wood,16,7.0,3,1.5,19,2026-05-12T14:11:41Z,1882,Y
70CH-16BKDT2B,CAR HAULER,3,70CH,7000,Wood,16,7.0,3,1.5,19,2026-05-12T14:11:41Z,1882,Y
70CH-18,CAR HAULER,3,70CH,7000,Wood,18,7.0,3,1.5,21,2026-05-12T14:11:41Z,1910,Y
70CH-18BK,CAR HAULER,2,70CH,7000,Wood,18,7.0,3,1.5,21,2026-05-12T14:11:41Z,2030,Y
70CH-18BK2B,CAR HAULER,3,70CH,7000,Wood,18,7.0,3,1.5,21,2026-05-12T14:11:41Z,2030,Y
70CH-18BKDT,CAR HAULER,1,70CH,7000,Wood,18,7.0,3,1.5,21,2026-05-12T14:11:41Z,2060,Y
70CH-18BKDT2B,CAR HAULER,1,70CH,7000,Wood,18,7.0,3,1.5,21,2026-05-12T14:11:41Z,2060,Y
70CH-20,CAR HAULER,3,70CH,7000,Wood,20,7.0,3,1.5,23,2026-05-12T14:11:41Z,2060,Y
70CH-20BK,CAR HAULER,3,70CH,7000,Wood,20,7.0,3,1.5,23,2026-05-12T14:11:41Z,2230,Y
70CH-20BK2B,CAR HAULER,3,70CH,7000,Wood,20,7.0,3,1.5,23,2026-05-12T14:11:41Z,2030,Y
70CH-20BKDT,CAR HAULER,1,70CH,7000,Wood,20,7.0,3,1.5,23,2026-05-12T14:11:41Z,2060,Y
70CH-20BKDT2B,CAR HAULER,1,70CH,7000,Wood,20,7.0,3,1.5,23,2026-05-12T14:11:41Z,2060,Y
70DM-18,CAR HAULER,3,70DM,7000,Steel,18,7.0,4,1.5,22,2026-05-12T14:11:41Z,1970,Y
70DM-18BK,CAR HAULER,3,70DM,7000,Steel,18,7.0,4,1.5,22,2026-05-12T14:11:41Z,2140,Y
70DM-18BK2B,CAR HAULER,3,70DM,7000,Steel,18,7.0,4,1.5,22,2026-05-12T14:11:41Z,2140,Y
70DM-20,CAR HAULER,3,70DM,7000,Steel,20,7.0,4,1.5,24,2026-05-12T14:11:41Z,2125,Y
70DM-20BK,CAR HAULER,2,70DM,7000,Steel,20,7.0,4,1.5,24,2026-05-12T14:11:41Z,2320,Y
70DM-20BK2B,CAR HAULER,3,70DM,7000,Steel,20,7.0,4,1.5,24,2026-05-12T14:11:41Z,2320,Y
TH10-20BK4CR,CAR HAULER,2,TH10,9990,Wood,20,7.0,3,1.5,23,2026-05-12T14:11:41Z,2590,Y
TH70-18BK4AR2B,CAR HAULER,2,TH70,7000,Wood,18,7.0,3,1.5,21,2026-05-12T14:11:41Z,2030,Y
TH70-20BK4AR2B,CAR HAULER,2,TH70,7000,Wood,20,7.0,3,1.5,23,2026-05-12T14:11:41Z,2230,Y
14PH-20,"DECK-OVER, TAG-ALONG",3,14PH,15900,Wood,20,8.0,6,2.5,26,2026-05-12T14:11:41Z,3680,Y
14PH-20+5,"DECK-OVER, TAG-ALONG",,14PH,,,25,,6,2.5,31,2026-05-12T14:11:41Z,4580,Y
14PH-20BK+5,"DECK-OVER, TAG-ALONG",,14PH,,,25,,6,2.5,31,2026-05-12T14:11:41Z,4580,Y
14PH-20BK+5MR,"DECK-OVER, TAG-ALONG",,14PH,,,25,,6,2.5,31,2026-05-12T14:11:41Z,4580,Y
14PH-25,"DECK-OVER, TAG-ALONG",4,14PH,15900,Wood,25,8.0,6,2.5,31,2026-05-12T14:11:41Z,4180,Y
14PH-25+5,"DECK-OVER, TAG-ALONG",,14PH,,,30,,6,2.5,36,2026-05-12T14:11:41Z,5080,Y
14PH-25BK+5MR,"DECK-OVER, TAG-ALONG",,14PH,,,30,,6,2.5,36,2026-05-12T14:11:41Z,5080,Y
14PH-30,"DECK-OVER, TAG-ALONG",3,14PH,15900,Wood,30,8.0,6,2.5,36,2026-05-12T14:11:41Z,4680,Y
16PH-20+5,"DECK-OVER, TAG-ALONG",,16PH,,,25,,6,2.5,31,2026-05-12T14:11:41Z,5070,Y
22PH-20+5,"DECK-OVER, TAG-ALONG",,22PH,,,25,,6,2.5,31,2026-05-12T14:11:41Z,5600,Y
22PH-20BK+5,"DECK-OVER, TAG-ALONG",,22PH,,,25,,6,2.5,31,2026-05-12T14:11:41Z,5600,Y
22PH-20BK+5MR,"DECK-OVER, TAG-ALONG",,22PH,,,25,,6,2.5,31,2026-05-12T14:11:41Z,5600,Y
22PH-25,"DECK-OVER, TAG-ALONG",3,22PH,23900,Wood,25,8.0,6,2.5,31,2026-05-12T14:11:41Z,5260,Y
22PH-25+5,"DECK-OVER, TAG-ALONG",,22PH,,,30,,6,2.5,36,2026-05-12T14:11:41Z,6100,Y
22PH-25BK+5MR,"DECK-OVER, TAG-ALONG",,22PH,,,30,,6,2.5,36,2026-05-12T14:11:41Z,6100,Y
25PH-20+5,"DECK-OVER, TAG-ALONG",,25PH,,,25,,6,2.5,31,2026-05-12T14:11:41Z,5800,Y
25PH-20BK+5,"DECK-OVER, TAG-ALONG",,25PH,,,25,,6,2.5,31,2026-05-12T14:11:41Z,5800,Y
25PH-20BK+5MR,"DECK-OVER, TAG-ALONG",,25PH,,,25,,6,2.5,31,2026-05-12T14:11:41Z,5800,Y
25PH-25,"DECK-OVER, TAG-ALONG",3,25PH,25900,Wood,25,8.0,6,2.5,31,2026-05-12T14:11:41Z,6200,Y
25PH-25+5,"DECK-OVER, TAG-ALONG",,25PH,,,30,,6,2.5,36,2026-05-12T14:11:41Z,6300,Y
25PH-25BK+5,"DECK-OVER, TAG-ALONG",,25PH,,,30,,6,2.5,36,2026-05-12T14:11:41Z,6300,Y
25PH-25BK+5MR,"DECK-OVER, TAG-ALONG",,25PH,,,30,,6,2.5,36,2026-05-12T14:11:41Z,6300,Y
3XPH-20+5,"DECK-OVER, TAG-ALONG",,3XPH,,,25,,6,2.5,31,2026-05-12T14:11:41Z,5800,Y
3XPH-25+5,"DECK-OVER, TAG-ALONG",,3XPH,,,30,,6,2.5,36,2026-05-12T14:11:41Z,7189.5,Y
4XPH-20,"DECK-OVER, TAG-ALONG",3,4XPH,48000,Wood,20,8.0,6,2.5,26,2026-05-12T14:11:41Z,8450,Y
4XPH-20+5,"DECK-OVER, TAG-ALONG",,4XPH,,,25,,6,2.5,31,2026-05-12T14:11:41Z,8950,Y
4XPH-24+5,"DECK-OVER, TAG-ALONG",,4XPH,,,29,,6,2.5,35,2026-05-12T14:11:41Z,10150,Y
5XPH-28+5,"DECK-OVER, TAG-ALONG",,5XPH,,,33,,6,2.5,39,2026-05-12T14:11:41Z,10850,Y
10LX-12,DUMP,4,10LX,9990,Steel,12,7.0,4,4,16,2026-05-12T14:11:41Z,,N
10LX-12BK6SIR,DUMP,4,10LX,9990,Steel,12,7.0,4,4,16,2026-05-12T14:11:41Z,,N
13BN,DUMP,,13BN,,,14,,0,3,14,2026-05-12T14:11:41Z,2280,Y
14GT-14,DUMP,3,14GT,15900,Steel,14,7.0,9,5,23,2026-05-12T14:11:41Z,4650,Y
14GT-14BK6-P4,DUMP,3,14GT,15900,Steel,14,7.0,9,5,23,2026-05-12T14:11:41Z,5240,Y
14GT-14BK6SIR,DUMP,2,14GT,15900,Steel,14,7.0,9,5,23,2026-05-12T14:11:41Z,4650,Y
14GT-16,DUMP,3,14GT,15900,Steel,16,7.0,9,5,25,2026-05-12T14:11:41Z,5110,Y
14GT-16BK6-P4,DUMP,3,14GT,15900,Steel,16,7.0,9,5,25,2026-05-12T14:11:41Z,5890,Y
14GT-16BK6SIR,DUMP,3,14GT,15900,Steel,16,7.0,9,5,25,2026-05-12T14:11:41Z,5110,Y
14GX-14,DUMP,3,14GX,15900,Steel,14,7.0,9,5,23,2026-05-12T14:11:41Z,4640,Y
14GX-14BK6-P4,DUMP,3,14GX,15900,Steel,14,7.0,9,5,23,2026-05-12T14:11:41Z,5390,Y
14GX-14BK6SIRPD,DUMP,1,14GX,15900,Steel,14,7.0,9,5,23,2026-05-12T14:11:41Z,4805,Y
14GX-16,DUMP,3,14GX,15900,Steel,16,7.0,9,5,25,2026-05-12T14:11:41Z,5000,Y
14GX-16BK6-P4,DUMP,2,14GX,15900,Steel,16,7.0,9,5,25,2026-05-12T14:11:41Z,5780,Y
14GX-16BK6SIRPD,DUMP,1,14GX,15900,Steel,16,7.0,9,5,25,2026-05-12T14:11:41Z,5165,Y
14LP-12,DUMP,3,14LP,14000,Steel,12,7.0,4,4,16,2026-05-12T14:11:41Z,3870,Y
14LP-12BK6-P4,DUMP,3,14LP,14000,Steel,12,7.0,4,5,16,2026-05-12T14:11:41Z,4520,Y
14LP-12BK6SIRPD,DUMP,1,14LP,14000,Steel,12,7.0,4,4,16,2026-05-12T14:11:41Z,4035,Y
14LP-14,DUMP,3,14LP,14000,Steel,14,7.0,4,4,18,2026-05-12T14:11:41Z,4180,Y
14LP-14BK6-12KHJ,DUMP,3,14LP,14000,Steel,14,7.0,4,4,18,2026-05-12T14:11:41Z,4345,Y
14LP-14BK6-12KHJ-P4,DUMP,4,14LP,14000,Steel,14,7.0,4,5,18,2026-05-12T14:11:41Z,4930,Y
14LP-14BK6-P4,DUMP,1,14LP,14000,Steel,14,7.0,4,5,18,2026-05-12T14:11:41Z,4930,Y
14LP-14BK6SIRPD,DUMP,1,14LP,14000,Steel,14,7.0,4,4,18,2026-05-12T14:11:41Z,4345,Y
14LP-14BL6-P4,DUMP,3,14LP,14000,Steel,14,7.0,4,5,18,2026-05-12T14:11:41Z,4930,Y
14LP-14BL6SIRPD,DUMP,3,14LP,14000,Steel,14,7.0,4,4,18,2026-05-12T14:11:41Z,4345,Y
14LP-14DT6-P4,DUMP,3,14LP,14000,Steel,14,7.0,4,5,18,2026-05-12T14:11:41Z,4930,Y
14LP-14DT6SIRPD,DUMP,3,14LP,14000,Steel,14,7.0,4,4,18,2026-05-12T14:11:41Z,4345,Y
14LP-14GY6-P4,DUMP,3,14LP,14000,Steel,14,7.0,4,5,18,2026-05-12T14:11:41Z,4930,Y
14LP-14GY6SIRPD,DUMP,3,14LP,14000,Steel,14,7.0,4,4,18,2026-05-12T14:11:41Z,4345,Y
14LP-14SG6-P4,DUMP,3,14LP,14000,Steel,14,7.0,4,5,18,2026-05-12T14:11:41Z,4930,Y
14LP-14SG6SIRPD,DUMP,3,14LP,14000,Steel,14,7.0,4,4,18,2026-05-12T14:11:41Z,4345,Y
14LP-14WH6-P4,DUMP,3,14LP,14000,Steel,14,7.0,4,5,18,2026-05-12T14:11:41Z,4930,Y
14LP-14WH6SIRPD,DUMP,3,14LP,14000,Steel,14,7.0,4,4,18,2026-05-12T14:11:41Z,4345,Y
14LP-16,DUMP,3,14LP,14000,Steel,16,7.0,4,4,20,2026-05-12T14:11:41Z,4250,Y
14LP-16BK6-12KHJ,DUMP,3,14LP,14000,Steel,16,7.0,4,4,20,2026-05-12T14:11:41Z,4805,Y
14LP-16BK6-12KHJ-P4,DUMP,4,14LP,14000,Steel,16,7.0,4,5,20,2026-05-12T14:11:41Z,5420,Y
14LP-16BK6-P4,DUMP,1,14LP,14000,Steel,16,7.0,4,5,20,2026-05-12T14:11:41Z,5420,Y
14LP-16BK6SIRPD,DUMP,1,14LP,14000,Steel,16,7.0,4,4,20,2026-05-12T14:11:41Z,4805,Y
14LP-16BL6SIRPD,DUMP,3,14LP,14000,Steel,16,7.0,4,4,20,2026-05-12T14:11:41Z,4805,Y
14LP-16DT6SIRPD,DUMP,3,14LP,14000,Steel,16,7.0,4,4,20,2026-05-12T14:11:41Z,4805,Y
14LP-16GY6SIRPD,DUMP,3,14LP,14000,Steel,16,7.0,4,4,20,2026-05-12T14:11:41Z,4805,Y
14LP-16SG6SIRPD,DUMP,3,14LP,14000,Steel,16,7.0,4,4,20,2026-05-12T14:11:41Z,4805,Y
14LP-16WH6SIRPD,DUMP,3,14LP,14000,Steel,16,7.0,4,4,20,2026-05-12T14:11:41Z,4805,Y
14LX-14C2A,DUMP,,14LX,,,14,,4,4,18,2026-05-12T14:11:41Z,3660,Y
14LX-14C2A-BK,DUMP,1,14LX,14000,Steel,14,7.0,4,4,18,2026-05-12T14:11:41Z,3660,Y
14LX-14C4A-BK,DUMP,1,14LX,14000,Steel,14,7.0,4,5,18,2026-05-12T14:11:41Z,4190,Y
14RB-14,DUMP,3,14RB,14000,Steel,14,7.0,5,2.5,19,2026-05-12T14:11:41Z,3310,Y
14RB-14BK,DUMP,2,14RB,14000,Steel,14,7.0,5,2.5,19,2026-05-12T14:11:41Z,3310,Y
14RD-14,DUMP,3,14RD,14000,Steel,14,7.0,9,3,23,2026-05-12T14:11:41Z,3760,Y
14RD-14BK,DUMP,2,14RD,14000,Steel,14,7.0,9,3,23,2026-05-12T14:11:41Z,3760,Y
14TD-14C2A,DUMP,,14TD,,,14,,5,4,19,2026-05-12T14:11:41Z,4030,Y
14TD-14C2A-BK,DUMP,,14TD,,,14,,5,4,19,2026-05-12T14:11:41Z,4030,Y
14TD-14C4A,DUMP,,14TD,,,14,,5,5,19,2026-05-12T14:11:41Z,4570,Y
14TD-14C4A-BK,DUMP,,14TD,,,14,,5,5,19,2026-05-12T14:11:41Z,4570,Y
14TD-16C2A,DUMP,,14TD,,,16,,5,4,21,2026-05-12T14:11:41Z,4300,Y
14TD-16C2A-BK,DUMP,,14TD,,,16,,5,4,21,2026-05-12T14:11:41Z,4300,Y
14XD-14C2A,DUMP,3,14XD,15400,Steel,14,7.0,4,4,18,2026-05-12T14:11:41Z,4180,Y
14XD-14C2A-BK,DUMP,1,14XD,15400,Steel,14,7.0,4,4,18,2026-05-12T14:11:41Z,4345,Y
14XD-14C4A,DUMP,3,14XD,15400,Steel,14,7.0,4,4,18,2026-05-12T14:11:41Z,4345,Y
14XD-14C4A-BK,DUMP,2,14XD,15400,Steel,14,7.0,4,4,18,2026-05-12T14:11:41Z,4345,Y
14XD-16C2A,DUMP,3,14XD,15400,Steel,16,7.0,4,4,20,2026-05-12T14:11:41Z,4630,Y
14XD-16C2A-BK,DUMP,3,14XD,15400,Steel,16,7.0,4,4,20,2026-05-12T14:11:41Z,4805,Y
14XD-16C4A,DUMP,3,14XD,15400,Steel,16,7.0,4,5,20,2026-05-12T14:11:41Z,4805,Y
14XD-16C4A-BK,DUMP,3,14XD,15400,Steel,16,7.0,4,5,20,2026-05-12T14:11:41Z,4805,Y
16GX-14,DUMP,3,16GX,17500,Steel,14,7.0,9,5,23,2026-05-12T14:11:41Z,4980,Y
16GX-14BK6-P4,DUMP,3,16GX,17500,Steel,14,7.0,9,5,23,2026-05-12T14:11:41Z,4650,Y
16GX-14BK6SIRPD,DUMP,3,16GX,17500,Steel,14,7.0,9,5,23,2026-05-12T14:11:41Z,4650,Y
16GX-16,DUMP,3,16GX,17500,Steel,16,7.0,9,5,25,2026-05-12T14:11:41Z,5280,Y
16GX-16BK6-P3,DUMP,4,16GX,17500,Steel,16,7.0,9,5,25,2026-05-12T14:11:41Z,5940,Y
16GX-16BK6-P4,DUMP,3,16GX,17500,Steel,16,7.0,9,5,25,2026-05-12T14:11:41Z,5940,Y
16GX-16BK6SIRPD,DUMP,3,16GX,17500,Steel,16,7.0,9,5,25,2026-05-12T14:11:41Z,5940,Y
16LP-14,DUMP,3,16LP,17500,Steel,14,7.0,4,4,18,2026-05-12T14:11:41Z,4500,Y
16LP-14BK6-12KHJ,DUMP,4,16LP,17500,Steel,14,7.0,4,4,18,2026-05-12T14:11:41Z,4500,Y
16LP-14BK6-12KHJ-P4,DUMP,4,16LP,17500,Steel,14,7.0,4,5,18,2026-05-12T14:11:41Z,4500,Y
16LP-14BK6-P4,DUMP,3,16LP,17500,Steel,14,7.0,4,5,18,2026-05-12T14:11:41Z,4900,Y
16LP-14BK6SIRPD,DUMP,2,16LP,17500,Steel,14,7.0,4,4,18,2026-05-12T14:11:41Z,4500,Y
16LP-16,DUMP,3,16LP,17500,Steel,16,7.0,4,4,20,2026-05-12T14:11:41Z,4950,Y
16LP-16BK6-12KHJ,DUMP,4,16LP,17500,Steel,16,7.0,4,4,20,2026-05-12T14:11:41Z,4950,Y
16LP-16BK6-12KHJ-P4,DUMP,4,16LP,17500,Steel,16,7.0,4,5,20,2026-05-12T14:11:41Z,4950,Y
16LP-16BK6-P4,DUMP,2,16LP,17500,Steel,16,7.0,4,5,20,2026-05-12T14:11:41Z,5400,Y
16LP-16BK6SIRPD,DUMP,1,16LP,17500,Steel,16,7.0,4,4,20,2026-05-12T14:11:41Z,4950,Y
16RB-14BK,DUMP,3,16RB,17500,Steel,14,7.0,5,2.5,19,2026-05-12T14:11:41Z,3310,Y
16RD-14,DUMP,3,16RD,17500,Steel,14,7.0,9,3,23,2026-05-12T14:11:41Z,3760,Y
16RD-14BK,DUMP,3,16RD,17500,Steel,14,7.0,9,3,23,2026-05-12T14:11:41Z,3760,Y
16TD-16BK6SIR,DUMP,3,16TD,17500,Steel,16,7.0,5,4,21,2026-05-12T14:11:41Z,4430,Y
20GX-16,DUMP,3,20GX,22000,Steel,16,7.0,9,5,25,2026-05-12T14:11:41Z,6550,Y
20GX-16BK6-P4,DUMP,3,20GX,22000,Steel,16,7.0,9,5,25,2026-05-12T14:11:41Z,6800,Y
20GX-16BK6SIRPD,DUMP,2,20GX,22000,Steel,16,7.0,9,5,25,2026-05-12T14:11:41Z,6550,Y
20LP-16,DUMP,3,20LP,20000,Steel,16,7.0,5,5,21,2026-05-12T14:11:41Z,6130,Y
20LP-16BK6-P4,DUMP,3,20LP,20000,Steel,16,7.0,5,5,21,2026-05-12T14:11:41Z,6380,Y
20LP-16BK6SIRPD,DUMP,2,20LP,20000,Steel,16,7.0,5,5,21,2026-05-12T14:11:41Z,6130,Y
25DU-20,DUMP,3,25DU,25000,Steel,20,7.0,9,7,29,2026-05-12T14:11:41Z,8500,Y
25DU-20BK8SIR,DUMP,1,25DU,25000,Steel,20,7.0,9,7,29,2026-05-12T14:11:41Z,8700,Y
25DU-20P,DUMP,4,25DU,25000,Steel,20,8.0,9,7,29,2026-05-12T14:11:41Z,8390,Y
70SR-10-5WDD,DUMP,1,70SR,7000,Steel,10,5.0,4,3,14,2026-05-12T14:11:41Z,1730,Y
90SR-10,DUMP,3,90SR,9990,Steel,10,7.0,4,4,14,2026-05-12T14:11:41Z,2750,Y
90SR-10BK6SIR,DUMP,1,90SR,9990,Steel,10,6.0,4,4,14,2026-05-12T14:11:41Z,2990,Y
90SR-10BK7SIR,DUMP,4,90SR,9990,Steel,10,6.0,4,4,14,2026-05-12T14:11:41Z,,N
90SR-12,DUMP,3,90SR,9990,Steel,12,7.0,4,4,16,2026-05-12T14:11:41Z,2930,Y
90SR-12BK6SIR,DUMP,1,90SR,9990,Steel,12,6.0,4,4,16,2026-05-12T14:11:41Z,2990,Y
TC14-14BK,DUMP,2,TC14,14000,Steel,14,7.0,4,3,18,2026-05-12T14:11:41Z,3555,Y
14EB-18D2A-KRBK,EQUIPMENT HAULER,2,14EB,14000,Wood,18,7.0,4,2,22,2026-05-12T14:11:41Z,2860,Y
14EB-20D2A-KRBK,EQUIPMENT HAULER,1,14EB,14000,Wood,20,7.0,4,2,24,2026-05-12T14:11:41Z,3020,Y
14EB-22D2A-KRBK,EQUIPMENT HAULER,1,14EB,14000,Wood,22,7.0,4,2,26,2026-05-12T14:11:41Z,3150,Y
14EH-16D3A,EQUIPMENT HAULER,3,14EH,15400,Wood,16,7.0,6,2,22,2026-05-12T14:11:41Z,2860,Y
14EH-16D3A-KRBK,EQUIPMENT HAULER,3,14EH,15400,Wood,16,7.0,6,2,22,2026-05-12T14:11:41Z,2860,Y
14EH-16D3A-MRBK,EQUIPMENT HAULER,3,14EH,15400,Wood,16,7.0,6,2,22,2026-05-12T14:11:41Z,3060,Y
14EH-18D3A,EQUIPMENT HAULER,3,14EH,15400,Wood,18,7.0,6,2,24,2026-05-12T14:11:41Z,3020,Y
14EH-18D3A-KRBK,EQUIPMENT HAULER,3,14EH,15400,Wood,18,7.0,6,2,24,2026-05-12T14:11:41Z,3020,Y
14EH-18D3A-MRBK,EQUIPMENT HAULER,1,14EH,15400,Wood,18,7.0,6,2,24,2026-05-12T14:11:41Z,3220,Y
14EH-20D3A,EQUIPMENT HAULER,3,14EH,15400,Wood,20,7.0,6,2,26,2026-05-12T14:11:41Z,3150,Y
14EH-20D3A-KRBK,EQUIPMENT HAULER,3,14EH,15400,Wood,20,7.0,6,2,26,2026-05-12T14:11:41Z,3150,Y
14EH-20D3A-MRBK,EQUIPMENT HAULER,1,14EH,15400,Wood,20,7.0,6,2,26,2026-05-12T14:11:41Z,3350,Y
14EH-22D3A,EQUIPMENT HAULER,3,14EH,15400,Wood,22,7.0,6,2,28,2026-05-12T14:11:41Z,3300,Y
14EH-22D3A-KRBK,EQUIPMENT HAULER,3,14EH,15400,Wood,22,7.0,6,2,28,2026-05-12T14:11:41Z,3300,Y
14EH-22D3A-MRBK,EQUIPMENT HAULER,1,14EH,15400,Wood,22,7.0,6,2,28,2026-05-12T14:11:41Z,3500,Y
14EH-24D3A,EQUIPMENT HAULER,3,14EH,15400,Wood,24,7.0,6,2,30,2026-05-12T14:11:41Z,3480,Y
14EH-24D3A-KRBK,EQUIPMENT HAULER,3,14EH,15400,Wood,24,7.0,6,2,30,2026-05-12T14:11:41Z,3480,Y
14EH-24D3A-MRBK,EQUIPMENT HAULER,2,14EH,15400,Wood,24,7.0,6,2,30,2026-05-12T14:11:41Z,3680,Y
14EHG-20D3A,EQUIPMENT HAULER,3,14EHG,15900,Wood,20,7.0,9,2.5,29,2026-05-12T14:11:41Z,3530,Y
14EHG-22D3A,EQUIPMENT HAULER,3,14EHG,15900,Wood,22,7.0,9,2.5,31,2026-05-12T14:11:41Z,3690,Y
14EHG-24D3A,EQUIPMENT HAULER,3,14EHG,15900,Wood,24,7.0,9,2.5,33,2026-05-12T14:11:41Z,3870,Y
14ET-16,EQUIPMENT HAULER,4,14ET,14000,Wood,16,7.0,4,2,20,2026-05-12T14:11:41Z,,N
14ET-16BK,EQUIPMENT HAULER,4,14ET,14000,Wood,16,7.0,4,2,20,2026-05-12T14:11:41Z,,N
14ET-16BK-KR,EQUIPMENT HAULER,4,14ET,14000,Wood,16,7.0,4,2,20,2026-05-12T14:11:41Z,,N
14ET-16BK-MR,EQUIPMENT HAULER,4,14ET,14000,Wood,16,7.0,4,2,20,2026-05-12T14:11:41Z,,N
14ET-16KR,EQUIPMENT HAULER,4,14ET,14000,Wood,16,7.0,4,2,20,2026-05-12T14:11:41Z,,N
14ET-18,EQUIPMENT HAULER,4,14ET,14000,Wood,18,7.0,4,2,22,2026-05-12T14:11:41Z,2740,Y
14ET-18BK,EQUIPMENT HAULER,4,14ET,14000,Wood,18,7.0,4,2,22,2026-05-12T14:11:41Z,,N
14ET-18BK-KR,EQUIPMENT HAULER,4,14ET,14000,Wood,18,7.0,4,2,22,2026-05-12T14:11:41Z,,N
14ET-18BK-MR,EQUIPMENT HAULER,4,14ET,14000,Wood,18,7.0,4,2,22,2026-05-12T14:11:41Z,,N
14ET-18BK5RSR,EQUIPMENT HAULER,4,14ET,14000,Wood,18,7.0,4,2,22,2026-05-12T14:11:41Z,2740,Y
14ET-20,EQUIPMENT HAULER,4,14ET,14000,Wood,20,7.0,4,2,24,2026-05-12T14:11:41Z,,N
14ET-20BK,EQUIPMENT HAULER,4,14ET,14000,Wood,20,7.0,4,2,24,2026-05-12T14:11:41Z,,N
14ET-20BK-KR,EQUIPMENT HAULER,4,14ET,14000,Wood,20,7.0,4,2,24,2026-05-12T14:11:41Z,,N
14ET-20BK-MR,EQUIPMENT HAULER,4,14ET,14000,Wood,20,7.0,4,2,24,2026-05-12T14:11:41Z,,N
14ET-20BK5RSR,EQUIPMENT HAULER,4,14ET,14000,Wood,20,7.0,4,2,24,2026-05-12T14:11:41Z,2940,Y
14ET-20MR,EQUIPMENT HAULER,4,14ET,14000,Wood,20,7.0,4,2,24,2026-05-12T14:11:41Z,,N
14ET-22,EQUIPMENT HAULER,4,14ET,14000,Wood,22,7.0,4,2,26,2026-05-12T14:11:41Z,,N
14ET-22BK,EQUIPMENT HAULER,4,14ET,14000,Wood,22,7.0,4,2,26,2026-05-12T14:11:41Z,,N
14ET-22BK-KR,EQUIPMENT HAULER,4,14ET,14000,Wood,22,7.0,4,2,26,2026-05-12T14:11:41Z,,N
14ET-22BK-MR,EQUIPMENT HAULER,4,14ET,14000,Wood,22,7.0,4,2,26,2026-05-12T14:11:41Z,,N
14ET-22KR,EQUIPMENT HAULER,4,14ET,14000,Wood,22,7.0,4,2,26,2026-05-12T14:11:41Z,,N
14ET-22MR,EQUIPMENT HAULER,4,14ET,14000,Wood,22,7.0,4,2,26,2026-05-12T14:11:41Z,,N
14ET-24,EQUIPMENT HAULER,4,14ET,14000,Wood,24,7.0,4,2,28,2026-05-12T14:11:41Z,,N
14ET-24BK-KR,EQUIPMENT HAULER,4,14ET,14000,Wood,24,7.0,4,2,28,2026-05-12T14:11:41Z,,N
14ET-24BK-MR,EQUIPMENT HAULER,4,14ET,14000,Wood,24,7.0,4,2,28,2026-05-12T14:11:41Z,,N
14ET-24MR,EQUIPMENT HAULER,4,14ET,14000,Wood,24,7.0,4,2,28,2026-05-12T14:11:41Z,,N
14OA-16STA,EQUIPMENT HAULER,3,14OA,15400,Wood,16,8.0,6,2.5,22,2026-05-12T14:11:41Z,3250,Y
14OA-16STA-S8BK,EQUIPMENT HAULER,3,14OA,15400,Wood,16,8.0,6,2.5,22,2026-05-12T14:11:41Z,3250,Y
14OA-18STA-S8BK,EQUIPMENT HAULER,3,14OA,15400,Wood,18,8.0,6,2.5,24,2026-05-12T14:11:41Z,3450,Y
14OA-20D3A-FRBK,EQUIPMENT HAULER,3,14OA,15400,Wood,20,8.0,6,2.5,26,2026-05-12T14:11:41Z,3680,Y
14OA-20STA,EQUIPMENT HAULER,3,14OA,15400,Wood,20,8.0,6,2.5,26,2026-05-12T14:11:41Z,3650,Y
14OA-20STA-S8BK,EQUIPMENT HAULER,1,14OA,15400,Wood,20,8.0,6,2.5,26,2026-05-12T14:11:41Z,3650,Y
14OA-22D3A-FRBK,EQUIPMENT HAULER,3,14OA,15400,Wood,22,8.0,6,2.5,28,2026-05-12T14:11:41Z,3890,Y
14OA-22STA,EQUIPMENT HAULER,3,14OA,15400,Wood,22,8.0,6,2.5,28,2026-05-12T14:11:41Z,3850,Y
14OA-22STA-S8BK,EQUIPMENT HAULER,3,14OA,15400,Wood,22,8.0,6,2.5,28,2026-05-12T14:11:41Z,3850,Y
14OA-24D3A,EQUIPMENT HAULER,3,14OA,15400,Wood,24,8.0,6,2.5,30,2026-05-12T14:11:41Z,4180,Y
14OA-24D3A-FRBK,EQUIPMENT HAULER,3,14OA,15400,Wood,24,8.0,6,2.5,30,2026-05-12T14:11:41Z,4180,Y
14OA-24STA-S8BK,EQUIPMENT HAULER,3,14OA,15400,Wood,24,8.0,6,2.5,30,2026-05-12T14:11:41Z,4050,Y
14OE-18STA-S8BK,EQUIPMENT HAULER,3,14OE,14000,Wood,18,8.0,6,2.5,24,2026-05-12T14:11:41Z,3160,Y
14OE-20STA-S8BK,EQUIPMENT HAULER,1,14OE,14000,Wood,20,8.0,6,2.5,26,2026-05-12T14:11:41Z,3360,Y
14OE-22STA-S8BK,EQUIPMENT HAULER,3,14OE,14000,Wood,22,8.0,6,2.5,28,2026-05-12T14:11:41Z,3600,Y
16EH-18D3A,EQUIPMENT HAULER,3,16EH,17600,Wood,18,7.0,6,2,24,2026-05-12T14:11:41Z,3190,Y
16EH-18D3A-KRBK,EQUIPMENT HAULER,3,16EH,17600,Wood,18,7.0,6,2,24,2026-05-12T14:11:41Z,3190,Y
16EH-18D3A-MRBK,EQUIPMENT HAULER,3,16EH,17600,Wood,18,7.0,6,2,24,2026-05-12T14:11:41Z,3390,Y
16EH-20D3A,EQUIPMENT HAULER,3,16EH,17600,Wood,20,7.0,6,2,26,2026-05-12T14:11:41Z,3320,Y
16EH-20D3A-KRBK,EQUIPMENT HAULER,3,16EH,17600,Wood,20,7.0,6,2,26,2026-05-12T14:11:41Z,3200,Y
16EH-20D3A-MRBK,EQUIPMENT HAULER,2,16EH,17600,Wood,20,7.0,6,2,26,2026-05-12T14:11:41Z,3400,Y
16EH-22D3A,EQUIPMENT HAULER,3,16EH,17600,Wood,22,7.0,6,2,28,2026-05-12T14:11:41Z,3480,Y
16EH-22D3A-KRBK,EQUIPMENT HAULER,3,16EH,17600,Wood,22,7.0,6,2,28,2026-05-12T14:11:41Z,3480,Y
16EH-22D3A-MRBK,EQUIPMENT HAULER,1,16EH,17600,Wood,22,7.0,6,2,28,2026-05-12T14:11:41Z,3680,Y
16EH-24D3A,EQUIPMENT HAULER,3,16EH,17600,Wood,24,7.0,6,2,30,2026-05-12T14:11:41Z,3650,Y
16EH-24D3A-KRBK,EQUIPMENT HAULER,3,16EH,17600,Wood,24,7.0,6,2,30,2026-05-12T14:11:41Z,3650,Y
16EH-24D3A-MRBK,EQUIPMENT HAULER,3,16EH,17600,Wood,24,7.0,6,2,30,2026-05-12T14:11:41Z,3850,Y
16EHG-20D3A,EQUIPMENT HAULER,3,16EHG,19200,Wood,20,7.0,9,2.5,29,2026-05-12T14:11:41Z,3700,Y
16EHG-22D3A,EQUIPMENT HAULER,3,16EHG,19200,Wood,22,7.0,9,2.5,31,2026-05-12T14:11:41Z,3860,Y
16EHG-24D3A,EQUIPMENT HAULER,3,16EHG,19200,Wood,24,7.0,9,2.5,33,2026-05-12T14:11:41Z,4040,Y
16OA-16STA-S8BK,EQUIPMENT HAULER,3,16OA,17500,Wood,16,8.0,6,2.5,22,2026-05-12T14:11:41Z,3850,Y
16OA-20STA,EQUIPMENT HAULER,3,16OA,17500,Wood,20,8.0,6,2.5,26,2026-05-12T14:11:41Z,4070,Y
16OA-20STA-S8BK,EQUIPMENT HAULER,2,16OA,17500,Wood,20,8.0,6,2.5,26,2026-05-12T14:11:41Z,4070,Y
16OA-22STA-S8BK,EQUIPMENT HAULER,3,16OA,17500,Wood,22,8.0,6,2.5,28,2026-05-12T14:11:41Z,4270,Y
16OA-24D3A-FRBK,EQUIPMENT HAULER,3,16OA,17500,Wood,24,8.0,6,2.5,30,2026-05-12T14:11:41Z,4600,Y
16OA-24STA-S8BK,EQUIPMENT HAULER,3,16OA,17500,Wood,24,8.0,6,2.5,30,2026-05-12T14:11:41Z,4470,Y
EQ14-17+3,EQUIPMENT HAULER,,EQ14,,,20,,5,2,25,2026-05-12T14:11:41Z,3060,Y
EQ16-17+3,EQUIPMENT HAULER,,EQ16,,,20,,5,2,25,2026-05-12T14:11:41Z,3710,Y
14GN-20STA,FLATBED GOOSENECK,3,14GN,15900,Wood,20,8.0,9,2.5,29,2026-05-12T14:11:41Z,4430,Y
14GN-22STA,FLATBED GOOSENECK,3,14GN,15900,Wood,22,8.0,9,2.5,31,2026-05-12T14:11:41Z,4680,Y
14GN-25D5A,FLATBED GOOSENECK,3,14GN,15900,Wood,25,8.0,9,2.5,34,2026-05-12T14:11:41Z,5310,Y
14GN-25D5A-FRBK,FLATBED GOOSENECK,3,14GN,15900,Wood,25,8.0,9,2.5,34,2026-05-12T14:11:41Z,4850,Y
14GN-25D5A-MRBK,FLATBED GOOSENECK,1,14GN,15900,Wood,25,8.0,9,2.5,34,2026-05-12T14:11:41Z,5310,Y
14GN-25STA,FLATBED GOOSENECK,3,14GN,15900,Wood,25,8.0,9,2.5,34,2026-05-12T14:11:41Z,5050,Y
14GN-27D5A,FLATBED GOOSENECK,3,14GN,15900,Wood,27,8.0,9,2.5,36,2026-05-12T14:11:41Z,5630,Y
14GN-27D5A-FRBK,FLATBED GOOSENECK,3,14GN,15900,Wood,27,8.0,9,2.5,36,2026-05-12T14:11:41Z,5170,Y
14GN-27D5A-MRBK,FLATBED GOOSENECK,3,14GN,15900,Wood,27,8.0,9,2.5,36,2026-05-12T14:11:41Z,5630,Y
14GN-28STA,FLATBED GOOSENECK,3,14GN,15900,Wood,28,8.0,9,2.5,37,2026-05-12T14:11:41Z,5430,Y
14GN-30D5A,FLATBED GOOSENECK,3,14GN,15900,Wood,30,8.0,9,2.5,39,2026-05-12T14:11:41Z,6000,Y
14GN-30D5A-FRBK,FLATBED GOOSENECK,3,14GN,15900,Wood,30,8.0,9,2.5,39,2026-05-12T14:11:41Z,5540,Y
14GN-30D5A-MRBK,FLATBED GOOSENECK,1,14GN,15900,Wood,30,8.0,9,2.5,39,2026-05-12T14:11:41Z,6000,Y
14GN-30STA,FLATBED GOOSENECK,3,14GN,15900,Wood,30,8.0,9,2.5,39,2026-05-12T14:11:41Z,5680,Y
14GN-33D5A,FLATBED GOOSENECK,3,14GN,15900,Wood,33,8.0,9,2.5,42,2026-05-12T14:11:41Z,6500,Y
14GN-33D5A-FRBK,FLATBED GOOSENECK,3,14GN,15900,Wood,33,8.0,9,2.5,42,2026-05-12T14:11:41Z,5910,Y
14GN-33D5A-MRBK,FLATBED GOOSENECK,1,14GN,15900,Wood,33,8.0,9,2.5,42,2026-05-12T14:11:41Z,6500,Y
14GN-35D5A,FLATBED GOOSENECK,3,14GN,15900,Wood,35,8.0,9,2.5,44,2026-05-12T14:11:41Z,6620,Y
14GN-35D5A-MRBK,FLATBED GOOSENECK,3,14GN,15900,Wood,35,8.0,9,2.5,44,2026-05-12T14:11:41Z,6620,Y
14GN-35STA,FLATBED GOOSENECK,3,14GN,15900,Wood,35,8.0,9,2.5,44,2026-05-12T14:11:41Z,6300,Y
14GN-40D5A,FLATBED GOOSENECK,3,14GN,15900,Wood,40,8.0,9,2.5,49,2026-05-12T14:11:41Z,6555,Y
14GN-40D5A-MRBK,FLATBED GOOSENECK,1,14GN,15900,Wood,40,8.0,9,2.5,49,2026-05-12T14:11:41Z,7190,Y
14GN-40STA,FLATBED GOOSENECK,3,14GN,15900,Wood,40,8.0,9,2.5,49,2026-05-12T14:11:41Z,6760,Y
14GN-40STA-S8BK,FLATBED GOOSENECK,3,14GN,15900,Wood,40,8.0,9,2.5,49,2026-05-12T14:11:41Z,7000,Y
16GN-20STA,FLATBED GOOSENECK,3,16GN,17500,Wood,20,8.0,9,2.5,29,2026-05-12T14:11:41Z,4707,Y
16GN-22STA,FLATBED GOOSENECK,3,16GN,17500,Wood,22,8.0,9,2.5,31,2026-05-12T14:11:41Z,4879,Y
16GN-25D5A,FLATBED GOOSENECK,3,16GN,17500,Wood,25,8.0,9,2.5,34,2026-05-12T14:11:41Z,5540,Y
16GN-25D5A-FRBK,FLATBED GOOSENECK,3,16GN,17500,Wood,25,8.0,9,2.5,34,2026-05-12T14:11:41Z,5080,Y
16GN-25D5A-MRBK,FLATBED GOOSENECK,2,16GN,17500,Wood,25,8.0,9,2.5,34,2026-05-12T14:11:41Z,5540,Y
16GN-25STA,FLATBED GOOSENECK,3,16GN,17500,Wood,25,8.0,9,2.5,34,2026-05-12T14:11:41Z,5181,Y
16GN-27D5A,FLATBED GOOSENECK,3,16GN,17500,Wood,27,8.0,9,2.5,36,2026-05-12T14:11:41Z,6144,Y
16GN-28STA,FLATBED GOOSENECK,3,16GN,17500,Wood,28,8.0,9,2.5,37,2026-05-12T14:11:41Z,5700,Y
16GN-30D5A,FLATBED GOOSENECK,3,16GN,17500,Wood,30,8.0,9,2.5,39,2026-05-12T14:11:41Z,6170,Y
16GN-30D5A-FRBK,FLATBED GOOSENECK,3,16GN,17500,Wood,30,8.0,9,2.5,39,2026-05-12T14:11:41Z,5710,Y
16GN-30D5A-MRBK,FLATBED GOOSENECK,2,16GN,17500,Wood,30,8.0,9,2.5,39,2026-05-12T14:11:41Z,6170,Y
16GN-30STA,FLATBED GOOSENECK,3,16GN,17500,Wood,30,8.0,9,2.5,39,2026-05-12T14:11:41Z,5626,Y
16GN-33D5A,FLATBED GOOSENECK,3,16GN,17500,Wood,33,8.0,9,2.5,42,2026-05-12T14:11:41Z,6570,Y
16GN-33D5A-FRBK,FLATBED GOOSENECK,3,16GN,17500,Wood,33,8.0,9,2.5,42,2026-05-12T14:11:41Z,6080,Y
16GN-33D5A-MRBK,FLATBED GOOSENECK,3,16GN,17500,Wood,33,8.0,9,2.5,42,2026-05-12T14:11:41Z,6570,Y
16GN-35D5A,FLATBED GOOSENECK,3,16GN,17500,Wood,35,8.0,9,2.5,44,2026-05-12T14:11:41Z,6790,Y
16GN-35D5A-FRBK,FLATBED GOOSENECK,3,16GN,17500,Wood,35,8.0,9,2.5,44,2026-05-12T14:11:41Z,6330,Y
16GN-35D5A-MRBK,FLATBED GOOSENECK,3,16GN,17500,Wood,35,8.0,9,2.5,44,2026-05-12T14:11:41Z,6790,Y
16GN-35STA,FLATBED GOOSENECK,3,16GN,17500,Wood,35,8.0,9,2.5,44,2026-05-12T14:11:41Z,6072,Y
16GN-40D5A,FLATBED GOOSENECK,3,16GN,17500,Wood,40,8.0,9,2.5,49,2026-05-12T14:11:41Z,7380,Y
16GN-40D5A-FRBK,FLATBED GOOSENECK,3,16GN,17500,Wood,40,8.0,9,2.5,49,2026-05-12T14:11:41Z,6950,Y
16GN-40D5A-MRBK,FLATBED GOOSENECK,1,16GN,17500,Wood,40,8.0,9,2.5,49,2026-05-12T14:11:41Z,7380,Y
16GN-40STA,FLATBED GOOSENECK,3,16GN,17500,Wood,40,8.0,9,2.5,49,2026-05-12T14:11:41Z,6920,Y
16GN-40STA-S8BK,FLATBED GOOSENECK,3,16GN,17500,Wood,40,8.0,9,2.5,49,2026-05-12T14:11:41Z,7220,Y
22GN-20STA,FLATBED GOOSENECK,3,22GN,23900,Wood,20,8.0,9,2.5,29,2026-05-12T14:11:41Z,5240,Y
22GN-25D5A,FLATBED GOOSENECK,3,22GN,23900,Wood,25,8.0,9,2.5,34,2026-05-12T14:11:41Z,6690,Y
22GN-25D5A-FRBK,FLATBED GOOSENECK,3,22GN,23900,Wood,25,8.0,9,2.5,34,2026-05-12T14:11:41Z,5970,Y
22GN-25D5A-MRBK,FLATBED GOOSENECK,1,22GN,23900,Wood,25,8.0,9,2.5,34,2026-05-12T14:11:41Z,6690,Y
22GN-25STA,FLATBED GOOSENECK,3,22GN,23900,Wood,25,8.0,9,2.5,34,2026-05-12T14:11:41Z,5900,Y
22GN-28STA,FLATBED GOOSENECK,3,22GN,23900,Wood,28,8.0,9,2.5,37,2026-05-12T14:11:41Z,6300,Y
22GN-30D5A,FLATBED GOOSENECK,3,22GN,23900,Wood,30,8.0,9,2.5,39,2026-05-12T14:11:41Z,7460,Y
22GN-30D5A-FRBK,FLATBED GOOSENECK,3,22GN,23900,Wood,30,8.0,9,2.5,39,2026-05-12T14:11:41Z,6630,Y
22GN-30D5A-MRBK,FLATBED GOOSENECK,1,22GN,23900,Wood,30,8.0,9,2.5,39,2026-05-12T14:11:41Z,7460,Y
22GN-30STA,FLATBED GOOSENECK,3,22GN,23900,Wood,30,8.0,9,2.5,39,2026-05-12T14:11:41Z,6570,Y
22GN-33D5A,FLATBED GOOSENECK,3,22GN,23900,Wood,33,8.0,9,2.5,42,2026-05-12T14:11:41Z,7920,Y
22GN-33D5A-FRBK,FLATBED GOOSENECK,3,22GN,23900,Wood,33,8.0,9,2.5,42,2026-05-12T14:11:41Z,7090,Y
22GN-33D5A-MRBK,FLATBED GOOSENECK,1,22GN,23900,Wood,33,8.0,9,2.5,42,2026-05-12T14:11:41Z,7920,Y
22GN-33STA,FLATBED GOOSENECK,3,22GN,23900,Wood,33,8.0,9,2.5,42,2026-05-12T14:11:41Z,6970,Y
22GN-35BK-HDTS,FLATBED GOOSENECK,4,22GN,23900,Wood,35,8.0,9,2.5,44,2026-05-12T14:11:41Z,7950,Y
22GN-35D5A,FLATBED GOOSENECK,3,22GN,23900,Wood,35,8.0,9,2.5,44,2026-05-12T14:11:41Z,8130,Y
22GN-35D5A-FRBK,FLATBED GOOSENECK,3,22GN,23900,Wood,35,8.0,9,2.5,44,2026-05-12T14:11:41Z,7300,Y
22GN-35D5A-MRBK,FLATBED GOOSENECK,1,22GN,23900,Wood,35,8.0,9,2.5,44,2026-05-12T14:11:41Z,8130,Y
22GN-35STA,FLATBED GOOSENECK,3,22GN,23900,Wood,35,8.0,9,2.5,44,2026-05-12T14:11:41Z,7240,Y
22GN-36STA,FLATBED GOOSENECK,3,22GN,23900,Wood,36,8.0,9,2.5,45,2026-05-12T14:11:41Z,7370,Y
22GN-40D5A,FLATBED GOOSENECK,3,22GN,23900,Wood,40,8.0,9,2.5,49,2026-05-12T14:11:41Z,8790,Y
22GN-40D5A-FRBK,FLATBED GOOSENECK,3,22GN,23900,Wood,40,8.0,9,2.5,49,2026-05-12T14:11:41Z,7970,Y
22GN-40D5A-MRBK,FLATBED GOOSENECK,1,22GN,23900,Wood,40,8.0,9,2.5,49,2026-05-12T14:11:41Z,8790,Y
22GN-40STA,FLATBED GOOSENECK,3,22GN,23900,Wood,40,8.0,9,2.5,49,2026-05-12T14:11:41Z,8420,Y
22GN-40STA-S8BK,FLATBED GOOSENECK,2,22GN,23900,Wood,40,8.0,9,2.5,49,2026-05-12T14:11:41Z,8200,Y
22GN-40STA-XRBK,FLATBED GOOSENECK,3,22GN,23900,Wood,40,8.0,9,2.5,49,2026-05-12T14:11:41Z,7910,Y
25GN-20STA,FLATBED GOOSENECK,3,25GN,25900,Wood,20,8.0,9,2.5,29,2026-05-12T14:11:41Z,5320,Y
25GN-25D5A,FLATBED GOOSENECK,3,25GN,25900,Wood,25,8.0,9,2.5,34,2026-05-12T14:11:41Z,6880,Y
25GN-25D5A-FRBK,FLATBED GOOSENECK,3,25GN,25900,Wood,25,8.0,9,2.5,34,2026-05-12T14:11:41Z,6050,Y
25GN-25D5A-MRBK,FLATBED GOOSENECK,2,25GN,25900,Wood,25,8.0,9,2.5,34,2026-05-12T14:11:41Z,6880,Y
25GN-25STA,FLATBED GOOSENECK,3,25GN,25900,Wood,25,8.0,9,2.5,34,2026-05-12T14:11:41Z,5990,Y
25GN-30D5A,FLATBED GOOSENECK,3,25GN,25900,Wood,30,8.0,9,2.5,39,2026-05-12T14:11:41Z,7550,Y
25GN-30D5A-FRBK,FLATBED GOOSENECK,3,25GN,25900,Wood,30,8.0,9,2.5,39,2026-05-12T14:11:41Z,6720,Y
25GN-30D5A-MRBK,FLATBED GOOSENECK,1,25GN,25900,Wood,30,8.0,9,2.5,39,2026-05-12T14:11:41Z,7550,Y
25GN-30STA,FLATBED GOOSENECK,3,25GN,25900,Wood,30,8.0,9,2.5,39,2026-05-12T14:11:41Z,6660,Y
25GN-33D5A,FLATBED GOOSENECK,3,25GN,25900,Wood,33,8.0,9,2.5,42,2026-05-12T14:11:41Z,8110,Y
25GN-33D5A-FRBK,FLATBED GOOSENECK,3,25GN,25900,Wood,33,8.0,9,2.5,42,2026-05-12T14:11:41Z,7120,Y
25GN-33D5A-MRBK,FLATBED GOOSENECK,1,25GN,25900,Wood,33,8.0,9,2.5,42,2026-05-12T14:11:41Z,8110,Y
25GN-33STA,FLATBED GOOSENECK,3,25GN,25900,Wood,33,8.0,9,2.5,42,2026-05-12T14:11:41Z,7060,Y
25GN-35D5A,FLATBED GOOSENECK,3,25GN,25900,Wood,35,8.0,9,2.5,44,2026-05-12T14:11:41Z,8210,Y
25GN-35D5A-FRBK,FLATBED GOOSENECK,3,25GN,25900,Wood,35,8.0,9,2.5,44,2026-05-12T14:11:41Z,7390,Y
25GN-35D5A-MRBK,FLATBED GOOSENECK,2,25GN,25900,Wood,35,8.0,9,2.5,44,2026-05-12T14:11:41Z,8210,Y
25GN-35STA,FLATBED GOOSENECK,3,25GN,25900,Wood,35,8.0,9,2.5,44,2026-05-12T14:11:41Z,7320,Y
25GN-36STA,FLATBED GOOSENECK,3,25GN,25900,Wood,36,8.0,9,2.5,45,2026-05-12T14:11:41Z,7460,Y
25GN-40D5A,FLATBED GOOSENECK,3,25GN,25900,Wood,40,8.0,9,2.5,49,2026-05-12T14:11:41Z,8770,Y
25GN-40D5A-FRBK,FLATBED GOOSENECK,3,25GN,25900,Wood,40,8.0,9,2.5,49,2026-05-12T14:11:41Z,8050,Y
25GN-40D5A-MRBK,FLATBED GOOSENECK,1,25GN,25900,Wood,40,8.0,9,2.5,49,2026-05-12T14:11:41Z,8770,Y
25GN-40D5A-MRBKEHD,FLATBED GOOSENECK,3,25GN,25900,Wood,40,8.0,9,2.5,49,2026-05-12T14:11:41Z,8950,Y
25GN-40STA,FLATBED GOOSENECK,3,25GN,25900,Wood,40,8.0,9,2.5,49,2026-05-12T14:11:41Z,8450,Y
25GN-40STA-S8BK,FLATBED GOOSENECK,3,25GN,25900,Wood,40,8.0,9,2.5,49,2026-05-12T14:11:41Z,8290,Y
25GN-40STA-XRBK,FLATBED GOOSENECK,3,25GN,25900,Wood,40,8.0,9,2.5,49,2026-05-12T14:11:41Z,7990,Y
3XGN-20,FLATBED GOOSENECK,3,3XGN,30000,Wood,20,8.0,9,2.5,29,2026-05-12T14:11:41Z,6080,Y
3XGN-20+5,FLATBED GOOSENECK,,3XGN,,,25,,9,2.5,34,2026-05-12T14:11:41Z,6980,Y
3XGN-25,FLATBED GOOSENECK,3,3XGN,30000,Wood,25,8.0,9,2.5,34,2026-05-12T14:11:41Z,7140,Y
3XGN-25+5,FLATBED GOOSENECK,,3XGN,,,30,,9,2.5,39,2026-05-12T14:11:41Z,8440,Y
3XGN-25BK+5-MR,FLATBED GOOSENECK,,3XGN,,,30,,9,2.5,39,2026-05-12T14:11:41Z,8790,Y
3XGN-28+5,FLATBED GOOSENECK,,3XGN,,,33,,9,2.5,42,2026-05-12T14:11:41Z,9140,Y
3XGN-30+5,FLATBED GOOSENECK,,3XGN,,,35,,9,2.5,44,2026-05-12T14:11:41Z,9800,Y
3XGN-35+5,FLATBED GOOSENECK,,3XGN,,,40,,9,2.5,49,2026-05-12T14:11:41Z,10200,Y
3XGN-36,FLATBED GOOSENECK,3,3XGN,30000,Wood,36,8.0,9,2.5,45,2026-05-12T14:11:41Z,9290,Y
3XGN-40,FLATBED GOOSENECK,3,3XGN,30000,Wood,40,8.0,9,2.5,49,2026-05-12T14:11:41Z,10370,Y
5XPH-24+5,FLATBED GOOSENECK,,5XPH,,,28,,6,2.5,34,2026-05-12T14:11:41Z,10350,Y
30SA-08,SINGLE AXLE,3,30SA,2995,Wood,8,5.0,3,2,11,2026-05-12T14:11:41Z,663,Y
30SA-08R1A-4PBK,SINGLE AXLE,1,30SA,2995,Wood,8,5.0,3,2,11,2026-05-12T14:11:41Z,710,Y
30SA-10,SINGLE AXLE,3,30SA,2995,Wood,10,5.0,3,2,13,2026-05-12T14:11:41Z,723,Y
30SA-10R1A-4PBK,SINGLE AXLE,1,30SA,2995,Wood,10,5.0,3,2,13,2026-05-12T14:11:41Z,800,Y
35SA-10,SINGLE AXLE,3,35SA,2995,Wood,10,6.5,3,2,13,2026-05-12T14:11:41Z,893,Y
35SA-10R1A-4PBK,SINGLE AXLE,1,35SA,2995,Wood,10,6.5,3,2,13,2026-05-12T14:11:41Z,988,Y
35SA-12,SINGLE AXLE,3,35SA,2995,Wood,12,6.5,3,2,15,2026-05-12T14:11:41Z,983,Y
35SA-12R1A-4PBK,SINGLE AXLE,1,35SA,2995,Wood,12,6.5,3,2,15,2026-05-12T14:11:41Z,1078,Y
35SA-14R1A-4PBK,SINGLE AXLE,1,35SA,2995,Wood,14,6.5,3,2,17,2026-05-12T14:11:41Z,1168,Y
35SX-12,SINGLE AXLE,3,35SX,2995,Wood,12,7.0,3,2,15,2026-05-12T14:11:41Z,1003,Y
35SX-12R1A-4PBK,SINGLE AXLE,3,35SX,2995,Wood,12,7.0,3,2,15,2026-05-12T14:11:41Z,1003,Y
35SX-14,SINGLE AXLE,3,35SX,2995,Wood,14,7.0,3,2,17,2026-05-12T14:11:41Z,1093,Y
35SX-14R1A-4PBK,SINGLE AXLE,3,35SX,2995,Wood,14,7.0,3,2,17,2026-05-12T14:11:41Z,1093,Y
35UT-14,SINGLE AXLE,3,35UT,2995,Wood,14,7.0,3,2,17,2026-05-12T14:11:41Z,1380,Y
35UT-14BK,SINGLE AXLE,2,35UT,2995,Wood,14,7.0,3,2,17,2026-05-12T14:11:41Z,1380,Y
SU35-12BK4RG,SINGLE AXLE,2,SU35,2995,Wood,12,6.5,3,2,15,2026-05-12T14:11:41Z,1078,Y
SU35-14BK4RG,SINGLE AXLE,2,SU35,2995,Wood,14,6.5,3,2,17,2026-05-12T14:11:41Z,1168,Y
10PI-12,TANDEM AXLE,4,10PI,9990,Wood,12,7.0,3,2.5,15,2026-05-12T14:11:41Z,2140,Y
10PI-14,TANDEM AXLE,4,10PI,9990,Wood,14,7.0,3,2.5,17,2026-05-12T14:11:41Z,,N
10PI-16,TANDEM AXLE,3,10PI,9990,Wood,16,7.0,3,2.5,19,2026-05-12T14:11:41Z,2260,Y
10PI-16BK,TANDEM AXLE,3,10PI,9990,Wood,16,7.0,3,2.5,19,2026-05-12T14:11:41Z,2260,Y
10PI-16BK4HDIR,TANDEM AXLE,3,10PI,9990,Wood,16,7.0,3,2.5,19,2026-05-12T14:11:41Z,2360,Y
10PI-16BK5FUR,TANDEM AXLE,3,10PI,9990,Wood,16,7.0,3,2.5,19,2026-05-12T14:11:41Z,2310,Y
10PI-18,TANDEM AXLE,3,10PI,9990,Wood,18,7.0,3,2.5,21,2026-05-12T14:11:41Z,2320,Y
10PI-18BK,TANDEM AXLE,2,10PI,9990,Wood,18,7.0,3,2.5,21,2026-05-12T14:11:41Z,2320,Y
10PI-18BK4HDIR,TANDEM AXLE,3,10PI,9990,Wood,18,7.0,3,2.5,21,2026-05-12T14:11:41Z,2420,Y
10PI-18BK5FUR,TANDEM AXLE,3,10PI,9990,Wood,18,7.0,3,2.5,21,2026-05-12T14:11:41Z,2370,Y
10PI-20,TANDEM AXLE,3,10PI,9990,Wood,20,7.0,3,2.5,23,2026-05-12T14:11:41Z,2380,Y
10PI-20BK,TANDEM AXLE,2,10PI,9990,Wood,20,7.0,3,2.5,23,2026-05-12T14:11:41Z,2380,Y
10PI-20BK4HDIR,TANDEM AXLE,3,10PI,9990,Wood,20,7.0,3,2.5,23,2026-05-12T14:11:41Z,2480,Y
10PI-20BK5FUR,TANDEM AXLE,3,10PI,9990,Wood,20,7.0,3,2.5,23,2026-05-12T14:11:41Z,2430,Y
14PI-16,TANDEM AXLE,3,14PI,14000,Wood,16,7.0,3,2.5,19,2026-05-12T14:11:41Z,2740,Y
14PI-16BK,TANDEM AXLE,2,14PI,14000,Wood,16,7.0,3,2.5,19,2026-05-12T14:11:41Z,2740,Y
14PI-16BK5FUR,TANDEM AXLE,3,14PI,14000,Wood,16,7.0,3,2.5,19,2026-05-12T14:11:41Z,2940,Y
14PI-18,TANDEM AXLE,3,14PI,14000,Wood,18,7.0,3,2.5,21,2026-05-12T14:11:41Z,2890,Y
14PI-18BK,TANDEM AXLE,2,14PI,14000,Wood,18,7.0,3,2.5,21,2026-05-12T14:11:41Z,2890,Y
14PI-18BK5FUR,TANDEM AXLE,3,14PI,14000,Wood,18,7.0,3,2.5,21,2026-05-12T14:11:41Z,3090,Y
14PI-20,TANDEM AXLE,3,14PI,14000,Wood,20,7.0,3,2.5,23,2026-05-12T14:11:41Z,3040,Y
14PI-20BK,TANDEM AXLE,1,14PI,14000,Wood,20,7.0,3,2.5,23,2026-05-12T14:11:41Z,3040,Y
14PI-20BK4HDIR,TANDEM AXLE,3,14PI,14000,Wood,20,7.0,3,2.5,23,2026-05-12T14:11:41Z,3240,Y
14PI-20BK5FUR,TANDEM AXLE,2,14PI,14000,Wood,20,7.0,3,2.5,23,2026-05-12T14:11:41Z,3240,Y
14PI-24,TANDEM AXLE,3,14PI,14000,Wood,24,7.0,3,2.5,27,2026-05-12T14:11:41Z,,N
60PI-12,TANDEM AXLE,3,60PI,6000,Wood,12,6.5,3,2.5,15,2026-05-12T14:11:41Z,1265,Y
60PI-12BK4RG,TANDEM AXLE,1,60PI,6000,Wood,12,6.5,3,2.5,15,2026-05-12T14:11:41Z,1265,Y
60PI-12BK4RG2B,TANDEM AXLE,1,60PI,6000,Wood,12,6.5,3,2.5,15,2026-05-12T14:11:41Z,1265,Y
60PI-14,TANDEM AXLE,3,60PI,6000,Wood,14,6.5,3,2.5,17,2026-05-12T14:11:41Z,1400,Y
60PI-14BK4RG,TANDEM AXLE,1,60PI,6000,Wood,14,6.5,3,2.5,17,2026-05-12T14:11:41Z,1400,Y
60PI-14BK4RG2B,TANDEM AXLE,1,60PI,6000,Wood,14,6.5,3,2.5,17,2026-05-12T14:11:41Z,1400,Y
60PI-14BKEX2,TANDEM AXLE,4,60PI,6000,Wood,14,6.5,3,2.5,17,2026-05-12T14:11:41Z,1400,Y
60PI-16,TANDEM AXLE,3,60PI,6000,Wood,16,6.5,3,2.5,19,2026-05-12T14:11:41Z,1535,Y
60PI-16BK4AR,TANDEM AXLE,3,60PI,6000,Wood,16,6.5,3,2.5,19,2026-05-12T14:11:41Z,1535,Y
60PI-16BK4AR2B,TANDEM AXLE,3,60PI,6000,Wood,16,6.5,3,2.5,19,2026-05-12T14:11:41Z,1535,Y
60PI-16BK4RG,TANDEM AXLE,1,60PI,6000,Wood,16,6.5,3,2.5,19,2026-05-12T14:11:41Z,1535,Y
60PI-16BK4RG2B,TANDEM AXLE,1,60PI,6000,Wood,16,6.5,3,2.5,19,2026-05-12T14:11:41Z,1535,Y
60PI-16BKEX2,TANDEM AXLE,4,60PI,6000,Wood,16,6.5,3,2.5,19,2026-05-12T14:11:41Z,1535,Y
70PI-14,TANDEM AXLE,3,70PI,7000,Wood,14,7.0,3,2.5,17,2026-05-12T14:11:41Z,1760,Y
70PI-14R1A-4PBK,TANDEM AXLE,2,70PI,7000,Wood,14,7.0,3,2.5,17,2026-05-12T14:11:41Z,1900,Y
70PI-14R1A-4PBK-BRK2,TANDEM AXLE,2,70PI,7000,Wood,14,7.0,3,2.5,17,2026-05-12T14:11:41Z,1900,Y
70PI-16,TANDEM AXLE,3,70PI,7000,Wood,16,7.0,3,2.5,19,2026-05-12T14:11:41Z,1780,Y
70PI-16R1A-4PBK,TANDEM AXLE,1,70PI,7000,Wood,16,7.0,3,2.5,19,2026-05-12T14:11:41Z,1980,Y
70PI-16R1A-4PBK-BRK2,TANDEM AXLE,1,70PI,7000,Wood,16,7.0,3,2.5,19,2026-05-12T14:11:41Z,1980,Y
70PI-18,TANDEM AXLE,3,70PI,7000,Wood,18,7.0,3,2.5,21,2026-05-12T14:11:41Z,1940,Y
70PI-18R1A-4PBK,TANDEM AXLE,2,70PI,7000,Wood,18,7.0,3,2.5,21,2026-05-12T14:11:41Z,2060,Y
70PI-18R1A-4PBK-BRK2,TANDEM AXLE,1,70PI,7000,Wood,18,7.0,3,2.5,21,2026-05-12T14:11:41Z,2060,Y
70PI-20,TANDEM AXLE,3,70PI,7000,Wood,20,7.0,3,2.5,23,2026-05-12T14:11:41Z,2020,Y
70PI-20R1A-4PBK,TANDEM AXLE,2,70PI,7000,Wood,20,7.0,3,2.5,23,2026-05-12T14:11:41Z,2060,Y
70PI-20R1A-4PBK-BRK2,TANDEM AXLE,1,70PI,7000,Wood,20,7.0,3,2.5,23,2026-05-12T14:11:41Z,2060,Y
TU10-20BK4CR,TANDEM AXLE,3,TU10,9990,Wood,20,7.0,3,2.5,23,2026-05-12T14:11:41Z,2380,Y
TU14-20BK4CR,TANDEM AXLE,3,TU14,14000,Wood,20,7.0,3,2.5,23,2026-05-12T14:11:41Z,3040,Y
TU60-16BK4AR2B,TANDEM AXLE,2,TU60,6000,Wood,16,6.5,3,2.5,19,2026-05-12T14:11:41Z,1640,Y
TU60-16BK4RG2B,TANDEM AXLE,3,TU60,6000,Wood,16,6.5,3,2.5,19,2026-05-12T14:11:41Z,1640,Y
TU70-18BK4AR2B,TANDEM AXLE,2,TU70,7000,Wood,18,7.0,3,2.5,21,2026-05-12T14:11:41Z,2060,Y
TU70-18BK4RG2B,TANDEM AXLE,3,TU70,7000,Wood,18,7.0,3,2.5,21,2026-05-12T14:11:41Z,2060,Y
TU70-20BK4AR2B,TANDEM AXLE,2,TU70,7000,Wood,20,7.0,3,2.5,23,2026-05-12T14:11:41Z,2140,Y
TU70-20BK4RG2B,TANDEM AXLE,3,TU70,7000,Wood,20,7.0,3,2.5,23,2026-05-12T14:11:41Z,2140,Y
14FT-16,TILT DECK,3,14FT,14000,Wood,16,7.0,5,1.5,21,2026-05-12T14:11:41Z,3090,Y
14FT-16BK,TILT DECK,1,14FT,14000,Wood,16,7.0,5,1.5,21,2026-05-12T14:11:41Z,3090,Y
14FT-18,TILT DECK,3,14FT,14000,Wood,18,7.0,5,1.5,23,2026-05-12T14:11:41Z,3290,Y
14FT-18BK,TILT DECK,2,14FT,14000,Wood,18,7.0,5,1.5,23,2026-05-12T14:11:41Z,3290,Y
14FT-20,TILT DECK,3,14FT,14000,Wood,20,7.0,5,1.5,25,2026-05-12T14:11:41Z,3490,Y
14FT-20BK,TILT DECK,1,14FT,14000,Wood,20,7.0,5,1.5,25,2026-05-12T14:11:41Z,3490,Y
14OT-22,TILT DECK,3,14OT,14000,Wood,22,8.0,6,2.5,28,2026-05-12T14:11:41Z,4745,Y
14OT-22BK,TILT DECK,1,14OT,14000,Wood,22,8.0,6,2.5,28,2026-05-12T14:11:41Z,4745,Y
14OT-22GN,TILT DECK,3,14OT,14000,Wood,22,8.0,9,5,31,2026-05-12T14:11:41Z,4970,Y
14OT-24,TILT DECK,3,14OT,14000,Wood,24,8.0,6,2.5,30,2026-05-12T14:11:41Z,4950,Y
14OT-24BK,TILT DECK,2,14OT,14000,Wood,24,8.0,6,2.5,30,2026-05-12T14:11:41Z,4950,Y
14OT-24GN,TILT DECK,3,14OT,14000,Wood,24,8.0,9,5,33,2026-05-12T14:11:41Z,5175,Y
14OT-26,TILT DECK,3,14OT,14000,Wood,26,8.0,6,2.5,32,2026-05-12T14:11:41Z,5290,Y
14OT-26BK,TILT DECK,2,14OT,14000,Wood,26,8.0,9,2.5,35,2026-05-12T14:11:41Z,5290,Y
14OT-26GN,TILT DECK,3,14OT,14000,Wood,26,8.0,6,5,32,2026-05-12T14:11:41Z,5155,Y
14TL-20,TILT DECK,3,14TL,14000,Wood,20,7.0,5,1.5,25,2026-05-12T14:11:41Z,3460,Y
14TL-20BK,TILT DECK,1,14TL,14000,Wood,20,7.0,5,1.5,25,2026-05-12T14:11:41Z,3460,Y
14TL-20GN,TILT DECK,4,14TL,14000,Wood,20,7.0,9,5,29,2026-05-12T14:11:41Z,3460,Y
14TL-22,TILT DECK,3,14TL,14000,Wood,22,7.0,5,1.5,27,2026-05-12T14:11:41Z,3660,Y
14TL-22BK,TILT DECK,1,14TL,14000,Wood,22,7.0,5,1.5,27,2026-05-12T14:11:41Z,3660,Y
14TL-22GN,TILT DECK,4,14TL,14000,Wood,22,7.0,9,5,31,2026-05-12T14:11:41Z,3660,Y
16OT-22GN,TILT DECK,3,16OT,17500,Wood,22,8.0,6,1.25,28,2026-05-12T14:11:41Z,5140,Y
16OT-24BK,TILT DECK,3,16OT,17500,Wood,24,8.0,6,1.25,30,2026-05-12T14:11:41Z,4950,Y
16OT-26BK,TILT DECK,3,16OT,17500,Wood,26,8.0,6,1.25,32,2026-05-12T14:11:41Z,5290,Y
16TL-20,TILT DECK,3,16TL,17500,Wood,20,7.0,5,1.5,25,2026-05-12T14:11:41Z,4080,Y
16TL-20BK,TILT DECK,2,16TL,17500,Wood,20,7.0,5,1.5,25,2026-05-12T14:11:41Z,4080,Y
16TL-20GN,TILT DECK,4,16TL,17500,Wood,20,7.0,9,5,29,2026-05-12T14:11:41Z,4880,Y
16TL-22,TILT DECK,3,16TL,17500,Wood,22,7.0,5,1.5,27,2026-05-12T14:11:41Z,4140,Y
16TL-22BK,TILT DECK,1,16TL,17500,Wood,22,7.0,5,1.5,27,2026-05-12T14:11:41Z,4140,Y
16TL-22GN,TILT DECK,4,16TL,17500,Wood,22,7.0,9,5,31,2026-05-12T14:11:41Z,4940,Y
70ST-13,TILT DECK,3,70ST,7000,Wood,13,7.0,4,1.5,17,2026-05-12T14:11:41Z,2110,Y
70ST-13BK,TILT DECK,2,70ST,7000,Wood,13,7.0,4,1.5,17,2026-05-12T14:11:41Z,2110,Y
70ST-16,TILT DECK,3,70ST,7000,Wood,16,7.0,4,1.5,20,2026-05-12T14:11:41Z,2310,Y
70ST-16BK,TILT DECK,2,70ST,7000,Wood,16,7.0,4,1.5,20,2026-05-12T14:11:41Z,2310,Y
TT14-20BK,TILT DECK,3,TT14,14000,Wood,20,7.0,5,1.5,25,2026-05-12T14:11:41Z,3460,Y
TT14-22BK,TILT DECK,3,TT14,14000,Wood,22,7.0,5,1.5,27,2026-05-12T14:11:41Z,3660,Y
TT16-20BK,TILT DECK,3,TT16,17500,Wood,20,7.0,5,1.5,25,2026-05-12T14:11:41Z,4080,Y
TT16-22BK,TILT DECK,3,TT16,17500,Wood,22,7.0,5,1.5,27,2026-05-12T14:11:41Z,4140,Y
10LR-18,VANGUARD/LANDSCAPE,4,10LR,9990,Wood,18,7.0,3,3.5,21,2026-05-12T14:11:41Z,2740,Y
10LR-18BK,VANGUARD/LANDSCAPE,4,10LR,9990,Wood,18,7.0,3,3.5,21,2026-05-12T14:11:41Z,2740,Y
10LR-18BK-P4,VANGUARD/LANDSCAPE,4,10LR,9990,Wood,18,7.0,3,5,21,2026-05-12T14:11:41Z,2740,Y
10LR-20,VANGUARD/LANDSCAPE,4,10LR,9990,Wood,20,7.0,3,3.5,23,2026-05-12T14:11:41Z,2860,Y
10LR-20BK,VANGUARD/LANDSCAPE,4,10LR,9990,Wood,20,7.0,3,3.5,23,2026-05-12T14:11:41Z,2860,Y
10LR-20BK-P4,VANGUARD/LANDSCAPE,4,10LR,9990,Wood,20,7.0,3,5,23,2026-05-12T14:11:41Z,3140,Y
10TV-16,VANGUARD/LANDSCAPE,4,10TV,9990,Wood,16,7.0,3,3.5,19,2026-05-12T14:11:41Z,2220,Y
10TV-16BK,VANGUARD/LANDSCAPE,4,10TV,9990,Wood,16,7.0,3,3.5,19,2026-05-12T14:11:41Z,2220,Y
10TV-18,VANGUARD/LANDSCAPE,3,10TV,9990,Wood,18,7.0,3,3.5,21,2026-05-12T14:11:41Z,2350,Y
10TV-18BK,VANGUARD/LANDSCAPE,3,10TV,9990,Wood,18,7.0,3,3.5,21,2026-05-12T14:11:41Z,2475,Y
10TV-20,VANGUARD/LANDSCAPE,3,10TV,9990,Wood,20,7.0,3,3.5,23,2026-05-12T14:11:41Z,2475,Y
10TV-20BK,VANGUARD/LANDSCAPE,3,10TV,9990,Wood,20,7.0,3,3.5,23,2026-05-12T14:11:41Z,2630,Y
30SV-08,VANGUARD/LANDSCAPE,3,30SV,2995,Wood,8,5.0,3,3.25,11,2026-05-12T14:11:41Z,870,Y
30SV-08BK,VANGUARD/LANDSCAPE,2,30SV,2995,Wood,8,5.0,3,3.25,11,2026-05-12T14:11:41Z,870,Y
30SV-10,VANGUARD/LANDSCAPE,3,30SV,2995,Wood,10,5.0,3,3.25,13,2026-05-12T14:11:41Z,970,Y
30SV-10BK,VANGUARD/LANDSCAPE,1,30SV,2995,Wood,10,5.0,3,3.25,13,2026-05-12T14:11:41Z,970,Y
30SV-12,VANGUARD/LANDSCAPE,3,30SV,2995,Wood,12,5.0,3,3.25,15,2026-05-12T14:11:41Z,1070,Y
30SV-12BK,VANGUARD/LANDSCAPE,3,30SV,2995,Wood,12,5.0,3,3.25,15,2026-05-12T14:11:41Z,1070,Y
35LS-12,VANGUARD/LANDSCAPE,4,35LS,2995,Wood,12,6.5,3,3.25,15,2026-05-12T14:11:41Z,1510,Y
35LS-12BK,VANGUARD/LANDSCAPE,4,35LS,2995,Wood,12,6.5,3,3.25,15,2026-05-12T14:11:41Z,1510,Y
35LS-12BK-P4,VANGUARD/LANDSCAPE,4,35LS,2995,Wood,12,6.5,3,5,15,2026-05-12T14:11:41Z,1510,Y
35LS-14,VANGUARD/LANDSCAPE,4,35LS,2995,Wood,14,6.5,3,3.25,17,2026-05-12T14:11:41Z,1720,Y
35LS-14BK,VANGUARD/LANDSCAPE,4,35LS,2995,Wood,14,6.5,3,3.25,17,2026-05-12T14:11:41Z,1720,Y
35LS-14BK-P4,VANGUARD/LANDSCAPE,4,35LS,2995,Wood,14,6.5,3,5,17,2026-05-12T14:11:41Z,1720,Y
35SV-10,VANGUARD/LANDSCAPE,3,35SV,2995,Wood,10,6.5,3,3.25,13,2026-05-12T14:11:41Z,1100,Y
35SV-10BK,VANGUARD/LANDSCAPE,2,35SV,2995,Wood,10,6.5,3,3.25,13,2026-05-12T14:11:41Z,1100,Y
35SV-12,VANGUARD/LANDSCAPE,3,35SV,2995,Wood,12,6.5,3,3.25,15,2026-05-12T14:11:41Z,1290,Y
35SV-12BK,VANGUARD/LANDSCAPE,1,35SV,2995,Wood,12,6.5,3,3.25,15,2026-05-12T14:11:41Z,1290,Y
35SV-14,VANGUARD/LANDSCAPE,3,35SV,2995,Wood,14,6.5,3,3.25,17,2026-05-12T14:11:41Z,1480,Y
35SV-14BK,VANGUARD/LANDSCAPE,3,35SV,2995,Wood,14,6.5,3,3.25,17,2026-05-12T14:11:41Z,1480,Y
70LR-14,VANGUARD/LANDSCAPE,4,70LR,7000,Wood,14,7.0,3,3.25,17,2026-05-12T14:11:41Z,2210,Y
70LR-14BK,VANGUARD/LANDSCAPE,4,70LR,7000,Wood,14,7.0,3,3.25,17,2026-05-12T14:11:41Z,2210,Y
70LR-14BK-P4,VANGUARD/LANDSCAPE,4,70LR,7000,Wood,14,7.0,3,5,17,2026-05-12T14:11:41Z,2210,Y
70LR-14BK2B,VANGUARD/LANDSCAPE,4,70LR,7000,Wood,14,7.0,3,3.25,17,2026-05-12T14:11:41Z,2210,Y
70LR-16,VANGUARD/LANDSCAPE,4,70LR,7000,Wood,16,7.0,3,3.25,19,2026-05-12T14:11:41Z,2370,Y
70LR-16BK,VANGUARD/LANDSCAPE,4,70LR,7000,Wood,16,7.0,3,3.25,19,2026-05-12T14:11:41Z,2370,Y
70LR-16BK-P4,VANGUARD/LANDSCAPE,4,70LR,7000,Wood,16,7.0,3,5,19,2026-05-12T14:11:41Z,2370,Y
70LR-16BK2B,VANGUARD/LANDSCAPE,4,70LR,7000,Wood,16,7.0,3,3.25,19,2026-05-12T14:11:41Z,2370,Y
70TV-12,VANGUARD/LANDSCAPE,3,70TV,7000,Wood,12,7.0,3,3.25,15,2026-05-12T14:11:41Z,1665,Y
70TV-12BK,VANGUARD/LANDSCAPE,3,70TV,7000,Wood,12,7.0,3,3.25,15,2026-05-12T14:11:41Z,1760,Y
70TV-12BK2B,VANGUARD/LANDSCAPE,3,70TV,7000,Wood,12,7.0,3,3.25,15,2026-05-12T14:11:41Z,1760,Y
70TV-14,VANGUARD/LANDSCAPE,3,70TV,7000,Wood,14,7.0,3,3.25,17,2026-05-12T14:11:41Z,1755,Y
70TV-14BK,VANGUARD/LANDSCAPE,2,70TV,7000,Wood,14,7.0,3,3.25,17,2026-05-12T14:11:41Z,1850,Y
70TV-14BK2B,VANGUARD/LANDSCAPE,2,70TV,7000,Wood,14,7.0,3,3.25,17,2026-05-12T14:11:41Z,1850,Y
70TV-16,VANGUARD/LANDSCAPE,3,70TV,7000,Wood,16,7.0,3,3.25,19,2026-05-12T14:11:41Z,1845,Y
70TV-16BK,VANGUARD/LANDSCAPE,2,70TV,7000,Wood,16,7.0,3,3.25,19,2026-05-12T14:11:41Z,1940,Y
70TV-16BK2B,VANGUARD/LANDSCAPE,2,70TV,7000,Wood,16,7.0,3,3.25,19,2026-05-12T14:11:41Z,1940,Y
70TV-18,VANGUARD/LANDSCAPE,3,70TV,7000,Wood,18,7.0,3,3.25,21,2026-05-12T14:11:41Z,1935,Y
70TV-18BK,VANGUARD/LANDSCAPE,3,70TV,7000,Wood,18,7.0,3,3.25,21,2026-05-12T14:11:41Z,1935,Y
70TV-18BK2B,VANGUARD/LANDSCAPE,3,70TV,7000,Wood,18,7.0,3,3.25,21,2026-05-12T14:11:41Z,1935,Y
