item_number,mcat,model,old_model,bed_length,tongue,stack_height,total_footprint,stack_height_is_placeholder,updated_at
BUA614CCBE3,Tandem-Axle Utility,UTE7,UTE-614,14.0,4.0,2.0,18.0,1,2026-05-07T14:19:43Z
BUA616CCBE3,Tandem-Axle Utility,UTE7,UTE-616,16.0,4.0,2.0,20.0,1,2026-05-07T14:19:43Z
BUT714CBFF3,Tandem-Axle Utility,UT7,UT-714,14.0,5.0,2.0,19.0,1,2026-05-07T14:19:43Z
BUT714CBFF3E,Tandem-Axle Utility,UT7,UT-714-12EXP,14.0,5.0,2.0,19.0,1,2026-05-07T14:19:43Z
BUT714NBHF3,Tandem-Axle Utility,UT7,UT-714,14.0,5.0,2.0,19.0,1,2026-05-07T14:19:43Z
BUT716DBFF3,Tandem-Axle Utility,UT7,UT-716,16.0,5.0,2.0,21.0,1,2026-05-07T14:19:43Z
BUT716DBFH3,Tandem-Axle Utility,UT7,UT-716-SR,16.0,5.0,2.0,21.0,1,2026-05-07T14:19:43Z
BUT718DBFF3,Tandem-Axle Utility,UT7,UT-718,18.0,5.0,2.0,23.0,1,2026-05-07T14:19:43Z
BUT718DBFH3,Tandem-Axle Utility,UT7,UT-718-SR,18.0,5.0,2.0,23.0,1,2026-05-07T14:19:43Z
BUT720DBFF3,Tandem-Axle Utility,UT7,UT-720,20.0,5.0,2.0,25.0,1,2026-05-07T14:19:43Z
BUT720DBFF3#1,Tandem-Axle Utility,UT7,UT-720,20.0,5.0,2.0,25.0,1,2026-05-07T14:19:43Z
BUT720DBFH3,Tandem-Axle Utility,UT7,UT-720-SR,20.0,5.0,2.0,25.0,1,2026-05-07T14:19:43Z
BDF610CBMA3,Dumps,DT7,DT610LP-LE-7-A,10.0,4.0,2.0,14.0,1,2026-05-07T14:19:43Z
BDF610CBMD3,Dumps,DT7,DT610LP-LE-7-D,10.0,4.0,2.0,14.0,1,2026-05-07T14:19:43Z
BDF610CBMV3N,Dumps,DT7,DT610LP-LE-7-H,10.0,4.0,2.0,14.0,1,2026-05-07T14:19:43Z
BDF610CEHAA,Dumps,DT10,DT610LP-LE-10-A,10.0,4.0,2.0,14.0,1,2026-05-07T14:19:43Z
BDF610CEHAAK,Dumps,DT10,DT610LP-LE-10-A,10.0,4.0,2.0,14.0,1,2026-05-07T14:19:43Z
BDF610CEHBA,Dumps,DT10,DT610LP-LE-10-B,10.0,4.0,2.0,14.0,1,2026-05-07T14:19:43Z
BDF610CEHCA,Dumps,DT10,DT610LP-LE-10-A,10.0,4.0,2.0,14.0,1,2026-05-07T14:19:43Z
BDF610CEHDA,Dumps,DT10,DT610LP-LE-10-D,10.0,4.0,2.0,14.0,1,2026-05-07T14:19:43Z
BDF610CEHVAN,Dumps,DT10,DT610LP-LE-10-H,10.0,4.0,2.0,14.0,1,2026-05-07T14:19:43Z
BDF610DBMA3,Dumps,DT7,DT610LP-LE-7-D,10.0,4.0,2.0,14.0,1,2026-05-07T14:19:43Z
BDF610DBMC3,Dumps,DT7,DT610LP-LE-7-D,10.0,4.0,2.0,14.0,1,2026-05-07T14:19:43Z
BDF610DEHAA,Dumps,DT10,DT610LP-LE-10-A,10.0,4.0,2.0,14.0,1,2026-05-07T14:19:43Z
BDF610DEHAAK,Dumps,DT10,DT610LP-LE-10-A,10.0,4.0,2.0,14.0,1,2026-05-07T14:19:43Z
BDF610DEHCA,Dumps,DT10,DT610LP-LE-10-A,10.0,4.0,2.0,14.0,1,2026-05-07T14:19:43Z
BDF610DEHVAN,Dumps,DT10,DT610LP-LE-10-H,10.0,4.0,2.0,14.0,1,2026-05-07T14:19:43Z
BDF610DEHZAN,Dumps,DT10,DT610LP-LE-10-H,10.0,4.0,2.0,14.0,1,2026-05-07T14:19:43Z
BDF610NEKAAK,Dumps,DT10,DT610LP-LE-10-S,10.0,4.0,2.0,14.0,1,2026-05-07T14:19:43Z
BDF610NEKCAK,Dumps,DT10,DT610LP-LE-10-S,10.0,4.0,2.0,14.0,1,2026-05-07T14:19:43Z
BDF612CEHA6K8,Dumps,DT10,DT612LP-LE-10-A,12.0,4.0,2.0,16.0,1,2026-05-07T14:19:43Z
BDF612CEHAA,Dumps,DT10,DT612LP-LE-10-A,12.0,4.0,2.0,16.0,1,2026-05-07T14:19:43Z
BDF612CEHAAK,Dumps,DT10,DT612LP-LE-10-A,12.0,4.0,2.0,16.0,1,2026-05-07T14:19:43Z
BDF612CEHBA,Dumps,DT10,DT612LP-LE-10-B,12.0,4.0,2.0,16.0,1,2026-05-07T14:19:43Z
BDF612CEHCA,Dumps,DT10,DT612LP-LE-10-C,12.0,4.0,2.0,16.0,1,2026-05-07T14:19:43Z
BDF612CEHDA,Dumps,DT10,DT612LP-LE-10-D,12.0,4.0,2.0,16.0,1,2026-05-07T14:19:43Z
BDF612CEHVAN,Dumps,DT10,DT612LP-LE-10-H,12.0,4.0,2.0,16.0,1,2026-05-07T14:19:43Z
BDF612CEHZAN,Dumps,DT10,DT612LP-LE-10-H,12.0,4.0,2.0,16.0,1,2026-05-07T14:19:43Z
BDF612DEHAA,Dumps,DT10,DT612LP-LE-10-A,12.0,4.0,2.0,16.0,1,2026-05-07T14:19:43Z
BDF612DEHBA,Dumps,DT10,DT612LP-LE-10-B,12.0,4.0,2.0,16.0,1,2026-05-07T14:19:43Z
BDF612DEHCA,Dumps,DT10,DT612LP-LE-10-C,12.0,4.0,2.0,16.0,1,2026-05-07T14:19:43Z
BDF612DEHVAN,Dumps,DT10,DT612LP-LE-10-H,12.0,4.0,2.0,16.0,1,2026-05-07T14:19:43Z
BDF612DEHZAN,Dumps,DT10,DT612LP-LE-10-H,12.0,4.0,2.0,16.0,1,2026-05-07T14:19:43Z
BDF612DGJAP,Dumps,DT12,DT612LP-LE-12-A,12.0,4.0,2.0,16.0,1,2026-05-07T14:19:43Z
BDF612FEHDA,Dumps,DT10,DT612LP-LE-10-D,12.0,4.0,2.0,16.0,1,2026-05-07T14:19:43Z
BDF612FGJAP,Dumps,DT12,DT612LP-LE-12-A,12.0,4.0,2.0,16.0,1,2026-05-07T14:19:43Z
BDF712CEOAA,Dumps,DT10,DT712LP-LE-10-A,12.0,5.0,2.0,17.0,1,2026-05-07T14:19:43Z
BDF712CEOBA,Dumps,DT10,DT712LP-LE-10-A,12.0,5.0,2.0,17.0,1,2026-05-07T14:19:43Z
BDF712CEODA,Dumps,DT10,DT712LP-LE-10-D,12.0,5.0,2.0,17.0,1,2026-05-07T14:19:43Z
BDF712DEOAA,Dumps,DT10,DT712LP-LE-10-A,12.0,4.0,2.0,16.0,1,2026-05-07T14:19:43Z
BDF712DEOVAN,Dumps,DT10,DT712LP-LE-10-H,12.0,4.0,2.0,16.0,1,2026-05-07T14:19:43Z
BDF712DGAAP,Dumps,DT12,DT712LP-LE-12-A,12.0,4.0,2.0,16.0,1,2026-05-07T14:19:43Z
BDF712DGAAPK,Dumps,DT12,DT712LP-LE-12-A,12.0,4.0,2.0,16.0,1,2026-05-07T14:19:43Z
BDF712DGAVPN,Dumps,DT12,DT712LP-LE-12-H,12.0,4.0,2.0,16.0,1,2026-05-07T14:19:43Z
BDF712DIHAP,Dumps,DT14,DT712LP-LE-14-A,12.0,4.0,2.0,16.0,1,2026-05-07T14:19:43Z
BDF712DIHAP%,Dumps,DT14,DT712LP-LE-14-A,12.0,4.0,2.0,16.0,1,2026-05-07T14:19:43Z
BDF712DIHAP7%,Dumps,DT14,DT712LP-LE-14-A,12.0,4.0,2.0,16.0,1,2026-05-07T14:19:43Z
BDF712DIHVPN,Dumps,DT14,DT712LP-LE-14-H,12.0,4.0,2.0,16.0,1,2026-05-07T14:19:43Z
BDF712DIHVPN%,Dumps,DT14,DT712LP-LE-14-H,12.0,4.0,2.0,16.0,1,2026-05-07T14:19:43Z
BDF714DIHAIK,Dumps,DT14,DT714LP-LE-14-A,14.0,4.0,2.0,18.0,1,2026-05-07T14:19:43Z
BDF714DIHAP,Dumps,DT14,DT714LP-LE-14-A,14.0,4.0,2.0,18.0,1,2026-05-07T14:19:43Z
BDF714DIHAP%,Dumps,DT14,DT714LP-LE-14-A,14.0,4.0,2.0,18.0,1,2026-05-07T14:19:43Z
BDF714DIHAPK,Dumps,DT14,DT714LP-LE-14-A,14.0,4.0,2.0,18.0,1,2026-05-07T14:19:43Z
BDF714DIHAPK%,Dumps,DT14,DT714LP-LE-14-A,14.0,4.0,2.0,18.0,1,2026-05-07T14:19:43Z
BDF714DIHAS,Dumps,DT14,DT714LP-LE-14-A,14.0,4.0,2.0,18.0,1,2026-05-07T14:19:43Z
BDF714DIHVPN,Dumps,DT14,DT714LP-LE-14-H,14.0,4.0,2.0,18.0,1,2026-05-07T14:19:43Z
BDF714DIHVPN%,Dumps,DT14,DT714LP-LE-14-H,14.0,4.0,2.0,18.0,1,2026-05-07T14:19:43Z
BDF714DIHVPN%#1,Dumps,DT14,DT714LP-LE-14-H,14.0,4.0,2.0,18.0,1,2026-05-07T14:19:43Z
BDF714DIHVPNR%,Dumps,DT14,DT714LP-LE-14-H,14.0,4.0,2.0,18.0,1,2026-05-07T14:19:43Z
BDF714HIHAP,Dumps,DT14,DT714LP-LE-14-A-G,14.0,8.0,2.0,22.0,1,2026-05-07T14:19:43Z
BDF714HIHAP%,Dumps,DT14,DT714LP-LE-14-A-G,14.0,8.0,2.0,22.0,1,2026-05-07T14:19:43Z
BDF716DIHAP%,Dumps,DT14,DT716LP-LE-14-A,16.0,4.0,2.0,20.0,1,2026-05-07T14:19:43Z
BDF716DIHAPK%,Dumps,DT14,DT716LP-LE-14-A,16.0,4.0,2.0,20.0,1,2026-05-07T14:19:43Z
BDF716DIHVPN,Dumps,DT14,DT716LP-LE-14-H,16.0,4.0,2.0,20.0,1,2026-05-07T14:19:43Z
BDF716DIHVPN%,Dumps,DT14,DT716LP-LE-14-H,16.0,4.0,2.0,20.0,1,2026-05-07T14:19:43Z
BDF716DIHVPNKR%,Dumps,DT14,DT716LP-LE-14-H,16.0,4.0,2.0,20.0,1,2026-05-07T14:19:43Z
BDF716DIHZPN%,Dumps,DT14,DT716LP-LE-14-A,16.0,4.0,2.0,20.0,1,2026-05-07T14:19:43Z
BDF716DKHAR,Dumps,DT16,DT716LP-LE-16-A,16.0,4.0,2.0,20.0,1,2026-05-07T14:19:43Z
BDF716DKHAR%,Dumps,DT16,DT716LP-LE-16-A,16.0,4.0,2.0,20.0,1,2026-05-07T14:19:43Z
BDF716DKHARK,Dumps,DT16,DT716LP-LE-16-A,16.0,4.0,2.0,20.0,1,2026-05-07T14:19:43Z
BDF716DKHVRN%,Dumps,DT16,DT716LP-LE-16-H,16.0,4.0,2.0,20.0,1,2026-05-07T14:19:43Z
BDF716FIHAP,Dumps,DT14,DT716LP-LE-14-A,16.0,4.0,2.0,20.0,1,2026-05-07T14:19:43Z
BDF716HIHAP,Dumps,DT14,DT716LP-LE-14-A-G,16.0,8.0,2.0,24.0,1,2026-05-07T14:19:43Z
BDF716HIHAPGK,Dumps,DT14,DT716LP-LE-14-A-G,16.0,8.0,2.0,24.0,1,2026-05-07T14:19:43Z
BDF716HIHAPK,Dumps,DT14,DT716LP-LE-14-A-G,16.0,8.0,2.0,24.0,1,2026-05-07T14:19:43Z
BDL508DEECA,Dumps,DLPX5,DT508LP-5-C,8.0,4.0,2.0,12.0,1,2026-05-07T14:19:43Z
BDL508DEECAK,Dumps,DLPX5,DT508LP-5-C,8.0,4.0,2.0,12.0,1,2026-05-07T14:19:43Z
BDL508DEEDA,Dumps,DLPX5,DT508LP-5-D,8.0,4.0,2.0,12.0,1,2026-05-07T14:19:43Z
BDL610NEKAF-UR,Dumps,DLPX10,DT610LP-10-S-UR,10.0,5.0,2.0,15.0,1,2026-05-07T14:19:43Z
BDL610SEKAF-UR,Dumps,DLPX10,DT610LP-10-S-UR,10.0,5.0,2.0,15.0,1,2026-05-07T14:19:43Z
BDL612DEHAF-UR,Dumps,DLPX10,DT612LP-10-UR,12.0,4.0,2.0,16.0,1,2026-05-07T14:19:43Z
BDL612DGJAH-UR,Dumps,DLPX12,DT612LP-12-UR,12.0,4.0,2.0,16.0,1,2026-05-07T14:19:43Z
BDL612NEKAF-UR,Dumps,DLPX10,DT612LP-10-S-UR,12.0,5.0,2.0,17.0,1,2026-05-07T14:19:43Z
BDL612OGQAH-UR,Dumps,DLPX12,DT612LP-12-S-UR,12.0,5.0,2.0,17.0,1,2026-05-07T14:19:43Z
BDL612QEKAF-UR,Dumps,DLPX10,DT612LP-10-S-UR,12.0,5.0,2.0,17.0,1,2026-05-07T14:19:43Z
BDL612SEKAF-UR,Dumps,DLPX10,DT612LP-10-S-UR,12.0,5.0,2.0,17.0,1,2026-05-07T14:19:43Z
BDL712PENNDOT,Dumps,DT10,DT712LP-10-S-PD,12.0,5.0,2.0,17.0,1,2026-05-07T14:19:43Z
BDQ508BBBD3,Dumps,DTR3,DTR508LP-3-D,8.0,4.0,2.0,12.0,1,2026-05-07T14:19:43Z
BDQ508BEEBA,Dumps,DTR5,DTR508LP-5-B,8.0,4.0,2.0,12.0,1,2026-05-07T14:19:43Z
BDQ508BEED6,Dumps,DTR5,DTR508LP-5-D,8.0,4.0,2.0,12.0,1,2026-05-07T14:19:43Z
BDQ508BEEDA,Dumps,DTR5,DTR508LP-5-D,8.0,4.0,2.0,12.0,1,2026-05-07T14:19:43Z
BDQ510BEEBA,Dumps,DTR5,DTR510LP-5-B,10.0,4.0,2.0,14.0,1,2026-05-07T14:19:43Z
BDQ510BEEBAK,Dumps,DTR5,DTR510LP-5-B,10.0,4.0,2.0,14.0,1,2026-05-07T14:19:43Z
BDQ510BEEDA,Dumps,DTR5,DTR510LP-5-D,10.0,4.0,2.0,14.0,1,2026-05-07T14:19:43Z
BDQ510BEEDAK,Dumps,DTR5,DTR510LP-5-D,10.0,4.0,2.0,14.0,1,2026-05-07T14:19:43Z
BDQ510CBJB3,Dumps,DTR7,DTR510LP-7-B,10.0,4.0,2.0,14.0,1,2026-05-07T14:19:43Z
BDQ510CBJD3,Dumps,DTR7,DTR510LP-7-D,10.0,4.0,2.0,14.0,1,2026-05-07T14:19:43Z
BDQ610CBMB3,Dumps,DTR7,DTR610LP-7-B,10.0,4.0,2.0,14.0,1,2026-05-07T14:19:43Z
BDQ610CBMB3K,Dumps,DTR7,DTR610LP-7-B,10.0,4.0,2.0,14.0,1,2026-05-07T14:19:43Z
BDQ610CBMD3,Dumps,DTR7,DTR610LP-7-D,10.0,4.0,2.0,14.0,1,2026-05-07T14:19:43Z
BDQ610CEHBA,Dumps,DTR10,DTR610LP-10-B,10.0,4.0,2.0,14.0,1,2026-05-07T14:19:43Z
BDQ610CEHDA,Dumps,DTR10,DTR610LP-10-D,10.0,4.0,2.0,14.0,1,2026-05-07T14:19:43Z
BDR610CBUD3,Dumps,DDR7,DTR610D-7,10.0,4.0,2.0,14.0,1,2026-05-07T14:19:43Z
BDR610CEVDA,Dumps,DDR10,DTR610D-10,10.0,4.0,2.0,14.0,1,2026-05-07T14:19:43Z
BDV714FIEAH-UR,Dumps,DLPX14,DT714LPHD-14-UR,14.0,4.0,2.0,18.0,1,2026-05-07T14:19:43Z
BDV714RIFAH-UR,Dumps,DLPX14,DT714LPHD-14-S-UR,14.0,4.0,2.0,18.0,1,2026-05-07T14:19:43Z
DF714DIIUS,Dumps,DUT15,DUT14-15,14.0,5.0,2.0,19.0,1,2026-05-07T14:19:43Z
DF714DMNU&,Dumps,DUT17,DUT14-17,14.0,5.0,2.0,19.0,1,2026-05-07T14:19:43Z
DF716DIIUS,Dumps,DUT15,DUT16-15,16.0,5.0,2.0,21.0,1,2026-05-07T14:19:43Z
DF716DIIUSX,Dumps,DUT15,DUT16-15,16.0,5.0,2.0,21.0,1,2026-05-07T14:19:43Z
DF716DMNU&,Dumps,DUT17,DUT16-17,16.0,5.0,2.0,21.0,1,2026-05-07T14:19:43Z
DF716HIIUS,Dumps,DUTG15,DUTG16-15,16.0,9.0,2.0,25.0,1,2026-05-07T14:19:43Z
DF716HIIUTX7,Dumps,DUTG21,DUTG16-21,16.0,9.0,2.0,25.0,1,2026-05-07T14:19:43Z
DF716HMNU&,Dumps,DUTG19,DUTG16-19,16.0,9.0,2.0,25.0,1,2026-05-07T14:19:43Z
DF716XIIUS7,Dumps,DUT21,DUT16-21,16.0,5.0,2.0,21.0,1,2026-05-07T14:19:43Z
DL610DEQWA,Dumps,DLP10,DLP10-10,10.0,5.0,2.0,15.0,1,2026-05-07T14:19:43Z
DL610DEQWAE,Dumps,DLP10,DLP10-10,10.0,5.0,2.0,15.0,1,2026-05-07T14:19:43Z
DL610DEQWAEG,Dumps,DLP10,DLP10-10,10.0,5.0,2.0,15.0,1,2026-05-07T14:19:43Z
DL612DEQWA,Dumps,DLP10,DLP12-10,12.0,5.0,2.0,17.0,1,2026-05-07T14:19:43Z
DL612DEQWAEG,Dumps,DLP10,DLP12-10,12.0,5.0,2.0,17.0,1,2026-05-07T14:19:43Z
DL712DEYWA,Dumps,DLP10,DLP12W-10,12.0,5.0,2.0,17.0,1,2026-05-07T14:19:43Z
DL712DEYWAE,Dumps,DLP10,DLP12W-10,12.0,5.0,2.0,17.0,1,2026-05-07T14:19:43Z
DL712DIIVPN,Dumps,DLP15,DLP12-15-H,12.0,5.0,2.0,17.0,1,2026-05-07T14:19:43Z
DL712DIIVSGN,Dumps,DLP15,DLP12-15-H,12.0,5.0,2.0,17.0,1,2026-05-07T14:19:43Z
DL712DIIWP,Dumps,DLP15,DLP12-15,12.0,5.0,2.0,17.0,1,2026-05-07T14:19:43Z
DL712DIIWP%8,Dumps,DLP15,DLP12-15,12.0,5.0,2.0,17.0,1,2026-05-07T14:19:43Z
DL712DIIWR%,Dumps,DLP15,DLP12-15,12.0,5.0,2.0,17.0,1,2026-05-07T14:19:43Z
DL712DIIWSGN,Dumps,DLP15,DLP12-15-H,12.0,5.0,2.0,17.0,1,2026-05-07T14:19:43Z
DL714DIIVPN,Dumps,DLP14-15-H,DLP14-15-H,14.0,5.0,2.0,19.0,1,2026-05-07T14:19:43Z
DL714DIIVPN%,Dumps,DLP15,DLP14-15-H,14.0,5.0,2.0,19.0,1,2026-05-07T14:19:43Z
DL714DIIVPN%#1,Dumps,DLP15,DLP14-15-H,14.0,5.0,2.0,19.0,1,2026-05-07T14:19:43Z
DL714DIIVSN,Dumps,DLP15,DLP14-15-H,14.0,5.0,2.0,19.0,1,2026-05-07T14:19:43Z
DL714DIIWP,Dumps,DLP15,DLP14-15,14.0,5.0,2.0,19.0,1,2026-05-07T14:19:43Z
DL714DIIWP%,Dumps,DLP15,DLP14-15,14.0,5.0,2.0,19.0,1,2026-05-07T14:19:43Z
DL714DIIWRX%,Dumps,DLP15,DLP14-15,14.0,5.0,2.0,19.0,1,2026-05-07T14:19:43Z
DL714DIIWT8%,Dumps,DLP15,DLP14-15,14.0,5.0,2.0,19.0,1,2026-05-07T14:19:43Z
DL714DMNWO%,Dumps,DLP17,DLP14-17,14.0,5.0,2.0,19.0,1,2026-05-07T14:19:43Z
DL714DMNWOG,Dumps,DLP17,DLP14-17,14.0,5.0,2.0,19.0,1,2026-05-07T14:19:43Z
DL714FIIVPN8%,Dumps,DLP15,DLP14-15-H,14.0,5.0,2.0,19.0,1,2026-05-07T14:19:43Z
DL714FIIWP8%,Dumps,DLP15,DLP14-15,14.0,5.0,2.0,19.0,1,2026-05-07T14:19:43Z
DL714HIIVHNG#1,Dumps,DLPG16,DLPG14-16-H,14.0,9.0,2.0,23.0,1,2026-05-07T14:19:43Z
DL716DIIHP,Dumps,DLP15,DLP16-15,16.0,5.0,2.0,21.0,1,2026-05-07T14:19:43Z
DL716DIIHP%,Dumps,DLP15,DLP16-15,16.0,5.0,2.0,21.0,1,2026-05-07T14:19:43Z
DL716DIIHSG,Dumps,DLP15,DLP16-15,16.0,5.0,2.0,21.0,1,2026-05-07T14:19:43Z
DL716DIIVPN,Dumps,DLP15,DLP16-15-H,16.0,5.0,2.0,21.0,1,2026-05-07T14:19:43Z
DL716DIIVPN#2,Dumps,DLP15,DLP16-15-H,16.0,5.0,2.0,21.0,1,2026-05-07T14:19:43Z
DL716DIIVPN%,Dumps,DLP15,DLP16-15-H,16.0,5.0,2.0,21.0,1,2026-05-07T14:19:43Z
DL716DIIWP,Dumps,DLP15,DLP16-15,16.0,5.0,2.0,21.0,1,2026-05-07T14:19:43Z
DL716DIIWP%,Dumps,DLP15,DLP16-15,16.0,5.0,2.0,21.0,1,2026-05-07T14:19:43Z
DL716DIIWR,Dumps,DLP15,DLP16-15,16.0,5.0,2.0,21.0,1,2026-05-07T14:19:43Z
DL716DIIWR8%,Dumps,DLP15,DLP16-15,16.0,5.0,2.0,21.0,1,2026-05-07T14:19:43Z
DL716DIIWRX%,Dumps,DLP15,DLP16-15,16.0,5.0,2.0,21.0,1,2026-05-07T14:19:43Z
DL716DMNVON,Dumps,DLP17,DLP16-17-H,16.0,5.0,2.0,21.0,1,2026-05-07T14:19:43Z
DL716DMNVON%,Dumps,DLP17,DLP16-17-H,16.0,5.0,2.0,21.0,1,2026-05-07T14:19:43Z
DL716DMNW4X%,Dumps,DLP17,DLP16-17,16.0,5.0,2.0,21.0,1,2026-05-07T14:19:43Z
DL716DMNWO,Dumps,DLP17,DLP16-17,16.0,5.0,2.0,21.0,1,2026-05-07T14:19:43Z
DL716DMNWO%#2,Dumps,DLP17,DLP16-17,16.0,5.0,2.0,21.0,1,2026-05-07T14:19:43Z
DL716HIIVPN8%,Dumps,DLPG16,DLPG16-16-H,16.0,9.0,2.0,25.0,1,2026-05-07T14:19:43Z
DL716HIIW9,Dumps,DLPG16,DLPG16-16,16.0,9.0,2.0,25.0,1,2026-05-07T14:19:43Z
DL716HIIWP,Dumps,DLPG16,DLPG16-16,16.0,9.0,2.0,25.0,1,2026-05-07T14:19:43Z
DL716HIIWP8%,Dumps,DLPG16,DLPG16-16,16.0,9.0,2.0,25.0,1,2026-05-07T14:19:43Z
DL716HMNVON%,Dumps,DLPG19,DLPG16-19-H,16.0,9.0,2.0,25.0,1,2026-05-07T14:19:43Z
DL716HMNWOG,Dumps,DLPG19,DLPG16-19,16.0,9.0,2.0,25.0,1,2026-05-07T14:19:43Z
DL716HMOWO%,Dumps,DLPG19,DLPG16-19,16.0,9.0,2.0,25.0,1,2026-05-07T14:19:43Z
DL716XIIWP7%,Dumps,DLP21,DLP16-21,16.0,5.0,2.0,21.0,1,2026-05-07T14:19:43Z
DL718FIIHPG7%,Dumps,DLP21,DLP18-21,18.0,5.0,2.0,23.0,1,2026-05-07T14:19:43Z
DL718HIIHPN7%,Dumps,DLPG21,DLPG18-21,18.0,9.0,2.0,27.0,1,2026-05-07T14:19:43Z
DL718HIIHRGNQ7%,Dumps,DLPG21,DLPG18-21,18.0,9.0,2.0,27.0,1,2026-05-07T14:19:43Z
DO610DEAUA,Dumps,DD10,DD10-10,10.0,5.0,2.0,15.0,1,2026-05-07T14:19:43Z
DO612DEAUA,Dumps,DD10,DD12-10,12.0,5.0,2.0,17.0,1,2026-05-07T14:19:43Z
DO612DEAVA,Dumps,DD10,DD12-10,12.0,5.0,2.0,17.0,1,2026-05-07T14:19:43Z
DO712DEIUA,Dumps,DD10,DD12W-10,12.0,5.0,2.0,17.0,1,2026-05-07T14:19:43Z
DO712DEIVA,Dumps,DD10,DD12W-10,12.0,5.0,2.0,17.0,1,2026-05-07T14:19:43Z
DO712DEIVAGI4,Dumps,DD10,DD12W-10,12.0,5.0,2.0,17.0,1,2026-05-07T14:19:43Z
DO712DEIVAN,Dumps,DD10,DD12W-10-H,12.0,5.0,2.0,17.0,1,2026-05-07T14:19:43Z
DO714DIEVP,Dumps,DD15,DDHD14-15,14.0,5.0,2.0,19.0,1,2026-05-07T14:19:43Z
DO714DIEVPN,Dumps,DD15,DDHD14-15-H,14.0,5.0,2.0,19.0,1,2026-05-07T14:19:43Z
DO716DIEVP,Dumps,DD15,DDHD16-15,16.0,5.0,2.0,21.0,1,2026-05-07T14:19:43Z
DO716DIEVP%,Dumps,DD15,DDHD16-15,16.0,5.0,2.0,21.0,1,2026-05-07T14:19:43Z
DO716DIEVPG,Dumps,DD15,DDHD16-15,16.0,5.0,2.0,21.0,1,2026-05-07T14:19:43Z
DU712DIIUS,Dumps,DU15,DU12-15,12.0,5.0,2.0,17.0,1,2026-05-07T14:19:43Z
DU714DIIUS%,Dumps,DU15,DU14-15,14.0,5.0,2.0,19.0,1,2026-05-07T14:19:43Z
DU714DIIUT%,Dumps,DU15,DU14-15,14.0,5.0,2.0,19.0,1,2026-05-07T14:19:43Z
DU714DMNU&,Dumps,DU17,DU14-17,14.0,5.0,2.0,19.0,1,2026-05-07T14:19:43Z
DU714HIIUS,Dumps,DUG16,DUG14-16,14.0,9.0,2.0,23.0,1,2026-05-07T14:19:43Z
DU716DIIUS,Dumps,DU15,DU16-15,16.0,5.0,2.0,21.0,1,2026-05-07T14:19:43Z
DU716DIIUS%,Dumps,DU15,DU16-15,16.0,5.0,2.0,21.0,1,2026-05-07T14:19:43Z
DU716DIIUS7%,Dumps,DU21,DU16-21,16.0,5.0,2.0,21.0,1,2026-05-07T14:19:43Z
DU716DMNU&,Dumps,DU17,DU16-17,16.0,5.0,2.0,21.0,1,2026-05-07T14:19:43Z
DU716DMNU&%,Dumps,DU17,DU16-17,16.0,5.0,2.0,21.0,1,2026-05-07T14:19:43Z
DU716DMNU&X%,Dumps,DU17,DU16-17,16.0,5.0,2.0,21.0,1,2026-05-07T14:19:43Z
DU716HIIUS%,Dumps,DUG16,DUG16-16,16.0,9.0,2.0,25.0,1,2026-05-07T14:19:43Z
DU716HIIUS7#1,Dumps,DUG21,DUG16-21,16.0,9.0,2.0,25.0,1,2026-05-07T14:19:43Z
DU716HIIUSQ7%,Dumps,DUG21,DUG16-21,16.0,9.0,2.0,25.0,1,2026-05-07T14:19:43Z
DU716HMNU&,Dumps,DUG19,DUG16-19,16.0,9.0,2.0,25.0,1,2026-05-07T14:19:43Z
DU716HMNU&%,Dumps,DUG19,DUG16-19,16.0,9.0,2.0,25.0,1,2026-05-07T14:19:43Z
DU716HMNU&X%,Dumps,DUG19,DUG16-19,16.0,9.0,2.0,25.0,1,2026-05-07T14:19:43Z
GDF610DEHAV,Dumps,DT10,DT610LP-LE-10-A-G,10.0,4.0,2.0,14.0,1,2026-05-07T14:19:43Z
GDF612DEHAV,Dumps,DT10,DT612LP-LE-10-A-G,12.0,4.0,2.0,16.0,1,2026-05-07T14:19:43Z
GDF612DEHVVN,Dumps,DT10,DT612LP-LE-10-A-G,12.0,4.0,2.0,16.0,1,2026-05-07T14:19:43Z
GDF612DGJAW,Dumps,DT12,DT612LP-LE-12-A-G,12.0,4.0,2.0,16.0,1,2026-05-07T14:19:43Z
GDF612DGJVWNR7,Dumps,DT12,DT612LP-LE-12-H-G,12.0,4.0,2.0,16.0,1,2026-05-07T14:19:43Z
GDF712DEOAV7,Dumps,DT10,DT712LP-LE-10-A-G,12.0,4.0,2.0,16.0,1,2026-05-07T14:19:43Z
GDF712DGAAW,Dumps,DT12,DT712LP-LE-12-A-G,12.0,4.0,2.0,16.0,1,2026-05-07T14:19:43Z
GDF712DGAAW%,Dumps,DT12,DT712LP-LE-12-A-G,12.0,4.0,2.0,16.0,1,2026-05-07T14:19:43Z
GDF712DGAAW7,Dumps,DT12,DT712LP-LE-12-A-G,12.0,4.0,2.0,16.0,1,2026-05-07T14:19:43Z
GDF712DGAVWN,Dumps,DT12,DT712LP-LE-12-H-G,12.0,4.0,2.0,16.0,1,2026-05-07T14:19:43Z
GDF712DGAVWNR,Dumps,DT12,DT712LP-LE-12-H-G,12.0,4.0,2.0,16.0,1,2026-05-07T14:19:43Z
GDF712DIHAW7%,Dumps,DT14,DT712LP-LE-14-A,12.0,4.0,2.0,16.0,1,2026-05-07T14:19:43Z
GDF714DIHAW,Dumps,DT14,DT714LP-LE-14-A,14.0,4.0,2.0,18.0,1,2026-05-07T14:19:43Z
GDF714DIHAW%,Dumps,DT14,DT714LP-LE-14-A,14.0,4.0,2.0,18.0,1,2026-05-07T14:19:43Z
GDF714DIHAW7%,Dumps,DT14,DT714LP-LE-14-A-G,14.0,4.0,2.0,18.0,1,2026-05-07T14:19:43Z
GDF714DIHAWR7,Dumps,DT14,DT714LP-LE-14-A-G,14.0,4.0,2.0,18.0,1,2026-05-07T14:19:43Z
GDF714DIHAWR7%,Dumps,DT14,DT714LP-LE-14-A-G,14.0,4.0,2.0,18.0,1,2026-05-07T14:19:43Z
GDF714DIHVWN,Dumps,DT14,DT714LP-LE-14-H-G,14.0,4.0,2.0,18.0,1,2026-05-07T14:19:43Z
GDF714DIHVWN%,Dumps,DT14,DT714LP-LE-14-H-G,14.0,4.0,2.0,18.0,1,2026-05-07T14:19:43Z
GDF714DIHVWN7%,Dumps,DT14,DT714LP-LE-14-H-G,14.0,4.0,2.0,18.0,1,2026-05-07T14:19:43Z
GDF716DIHAW,Dumps,DT14,DT716LP-LE-14-A-G,16.0,4.0,2.0,20.0,1,2026-05-07T14:19:43Z
GDF716DIHAW%,Dumps,DT14,DT716LP-LE-14-A-G,16.0,4.0,2.0,20.0,1,2026-05-07T14:19:43Z
GDF716DIHAWR,Dumps,DT14,DT716LP-LE-14-A-G,16.0,4.0,2.0,20.0,1,2026-05-07T14:19:43Z
GDF716DIHVWN,Dumps,DT14,DT716LP-LE-14-H,16.0,4.0,2.0,20.0,1,2026-05-07T14:19:43Z
GDF716DIHVWN%,Dumps,DT14,DT716LP-LE-14-H,16.0,4.0,2.0,20.0,1,2026-05-07T14:19:43Z
GDF716DKHA!,Dumps,DT16,DT716LP-LE-16-A-G,16.0,4.0,2.0,20.0,1,2026-05-07T14:19:43Z
GDF716DKHA!G%,Dumps,DT16,DT716LP-LE-16-A-G,16.0,4.0,2.0,20.0,1,2026-05-07T14:19:43Z
GDF716HKHA!%,Dumps,DT16,DT716LP-LE-16-A-G,16.0,4.0,2.0,20.0,1,2026-05-07T14:19:43Z
GDL510EIOBWK,Dumps,DLPX7,DT510LP-7-S,10.0,4.0,2.0,14.0,1,2026-05-07T14:19:43Z
ALLACC-EA610,Equipment,EA12,EA610-ALLACCESS,10.0,10.0,2.0,20.0,1,2026-05-07T14:19:43Z
ALLACC-EA612,Equipment,EA14,EA612,12.0,10.0,2.0,22.0,1,2026-05-07T14:19:43Z
BEC714DESIF-UR,Equipment,EH10,EH14-10-UR,14.0,5.0,2.0,19.0,1,2026-05-07T14:19:43Z
BEC714DESMA,Equipment,EH10,EH14-10,14.0,5.0,2.0,19.0,1,2026-05-07T14:19:43Z
BEC714DGCMHI#2,Equipment,EH12,EH14-10,14.0,5.0,2.0,19.0,1,2026-05-07T14:19:43Z
BEC714FESIA,Equipment,EH10,EH14-10,14.0,5.0,2.0,19.0,1,2026-05-07T14:19:43Z
BEC714OEUIF-UR,Equipment,EH10,EH14-10-S-UR,14.0,5.0,2.0,19.0,1,2026-05-07T14:19:43Z
BEC714QEUIF-UR,Equipment,EH10,EH14-10-S-UR,14.0,5.0,2.0,19.0,1,2026-05-07T14:19:43Z
BEC716CFGIA,Equipment,EHLE10,EH16-10ELE,16.0,5.0,2.0,21.0,1,2026-05-07T14:19:43Z
BEC716CFGIAI4,Equipment,EHLE10,EH16-10ELE,16.0,5.0,2.0,21.0,1,2026-05-07T14:19:43Z
BEC716CFGNA,Equipment,EHLE10,EH16-10ELE,16.0,5.0,2.0,21.0,1,2026-05-07T14:19:43Z
BEC716DESI6,Equipment,EH10,EH16-10,16.0,5.0,2.0,21.0,1,2026-05-07T14:19:43Z
BEC716DESIA,Equipment,EH10,EH16-10,16.0,5.0,2.0,21.0,1,2026-05-07T14:19:43Z
BEC716DESIAJ,Equipment,EH10,EH16-10,16.0,5.0,2.0,21.0,1,2026-05-07T14:19:43Z
BEC716DESIF-UR,Equipment,EH10,EH16-10,16.0,5.0,2.0,21.0,1,2026-05-07T14:19:43Z
BEC716DESJAI8J#1,Equipment,EH10,EH16-10,16.0,5.0,2.0,21.0,1,2026-05-07T14:19:43Z
BEC716DESMA,Equipment,EH10,EH16-10,16.0,5.0,2.0,21.0,1,2026-05-07T14:19:43Z
BEC716DESVA,Equipment,EH10,EH16-10,16.0,5.0,2.0,21.0,1,2026-05-07T14:19:43Z
BEC716DGCIP,Equipment,EH12,EH16-12,16.0,5.0,2.0,21.0,1,2026-05-07T14:19:43Z
BEC716DGCJP,Equipment,EH12,EH16-12,16.0,5.0,2.0,21.0,1,2026-05-07T14:19:43Z
BEC716DGCVP,Equipment,EH12,EH16-12,16.0,5.0,2.0,21.0,1,2026-05-07T14:19:43Z
BEC716FGCIP,Equipment,EH12,EH16-12,16.0,5.0,2.0,21.0,1,2026-05-07T14:19:43Z
BEC716OGDIH-UR,Equipment,EH12,EH16-12-S-UR,16.0,5.0,2.0,21.0,1,2026-05-07T14:19:43Z
BEC716OGDIP,Equipment,EH12,EH16-12-S,16.0,5.0,2.0,21.0,1,2026-05-07T14:19:43Z
BEC718CFGIA,Equipment,EHLE10,EH18-10ELE,18.0,5.0,2.0,23.0,1,2026-05-07T14:19:43Z
BEC718CFGIA#2,Equipment,EHLE10,EH18-10ELE,18.0,5.0,2.0,23.0,1,2026-05-07T14:19:43Z
BEC718CFGIAI4,Equipment,EHLE10,EH18-10ELE,18.0,5.0,2.0,23.0,1,2026-05-07T14:19:43Z
BEC718DESI6,Equipment,EH10,EH18-10,18.0,5.0,2.0,23.0,1,2026-05-07T14:19:43Z
BEC718DESIA,Equipment,EH10,EH18-10,18.0,5.0,2.0,23.0,1,2026-05-07T14:19:43Z
BEC718DESMA#1,Equipment,EH10,EH18-10,18.0,5.0,2.0,23.0,1,2026-05-07T14:19:43Z
BEC718DESVA,Equipment,EH10,EH18-10,18.0,5.0,2.0,23.0,1,2026-05-07T14:19:43Z
BEC718DGCIP,Equipment,EH12,EH18-12,18.0,5.0,2.0,23.0,1,2026-05-07T14:19:43Z
BEC718DGCJP,Equipment,EH12,EH18-12,18.0,5.0,2.0,23.0,1,2026-05-07T14:19:43Z
BEC718DGCVP,Equipment,EH12,EH18-12,18.0,5.0,2.0,23.0,1,2026-05-07T14:19:43Z
BEC718DGCVPX,Equipment,EH12,EH18-12,18.0,5.0,2.0,23.0,1,2026-05-07T14:19:43Z
BEC718NEUJA,Equipment,EH10,EH18-10-S,18.0,6.0,2.0,24.0,1,2026-05-07T14:19:43Z
BEC718OGDIH-UR,Equipment,EH12,EH18-12-S-UR,18.0,6.0,2.0,24.0,1,2026-05-07T14:19:43Z
BEC718OGDIP,Equipment,EH12,EH18-12-S,18.0,6.0,2.0,24.0,1,2026-05-07T14:19:43Z
BEC718QEUIF-UR,Equipment,EH10,EH18-10-S-UR,18.0,6.0,2.0,24.0,1,2026-05-07T14:19:43Z
BEC720CFGIA,Equipment,EHLE10,EH20-10ELE,20.0,5.0,2.0,25.0,1,2026-05-07T14:19:43Z
BEC720CFGIAI8,Equipment,EHLE10,EH20-10ELE,20.0,5.0,2.0,25.0,1,2026-05-07T14:19:43Z
BEC720DESIA,Equipment,EH10,EH20-10,20.0,5.0,2.0,25.0,1,2026-05-07T14:19:43Z
BEC720DESIAX,Equipment,EH10,EH20-10,20.0,5.0,2.0,25.0,1,2026-05-07T14:19:43Z
BEC720DESMA,Equipment,EH10,EH20-10,20.0,5.0,2.0,25.0,1,2026-05-07T14:19:43Z
BEC720DESMA#1,Equipment,EH10,EH20-10,20.0,5.0,2.0,25.0,1,2026-05-07T14:19:43Z
BEX714DIEIP,Equipment,EH14,EH14-14-HD,14.0,5.0,2.0,19.0,1,2026-05-07T14:19:43Z
BEX714DMEIO,Equipment,EH16,EH14-16-HD,14.0,5.0,2.0,19.0,1,2026-05-07T14:19:43Z
BEX716DIEIP,Equipment,EH14,EH16-14-HD,16.0,5.0,2.0,21.0,1,2026-05-07T14:19:43Z
BEX716DIEJP,Equipment,EH14,EH16-14-HD,16.0,5.0,2.0,21.0,1,2026-05-07T14:19:43Z
BEX716DIEVP,Equipment,EH14,EH16-14-HD,16.0,5.0,2.0,21.0,1,2026-05-07T14:19:43Z
BEX716DMEVOX,Equipment,EH16,EH16-16-HD,16.0,5.0,2.0,21.0,1,2026-05-07T14:19:43Z
BEX718DIEIP,Equipment,EH14,EH18-14-HD,18.0,5.0,2.0,23.0,1,2026-05-07T14:19:43Z
BEX718DIEIPX,Equipment,EH14,EH18-14-HD,18.0,5.0,2.0,23.0,1,2026-05-07T14:19:43Z
BEX718DIEIW,Equipment,EH14,EH18-14-HD,18.0,5.0,2.0,23.0,1,2026-05-07T14:19:43Z
BEX718DIEJP,Equipment,EH14,EH18-14-HD,18.0,5.0,2.0,23.0,1,2026-05-07T14:19:43Z
BEX718DIEJPX,Equipment,EH14,EH18-14-HD,18.0,5.0,2.0,23.0,1,2026-05-07T14:19:43Z
BEX718DIEJPX#1,Equipment,EH14,EH18-14-HD,18.0,5.0,2.0,23.0,1,2026-05-07T14:19:43Z
BEX718DIEMP#1,Equipment,EH14,EH18-14-HD,18.0,5.0,2.0,23.0,1,2026-05-07T14:19:43Z
BEX718DIEVP,Equipment,EH14,EH18-14-HD,18.0,5.0,2.0,23.0,1,2026-05-07T14:19:43Z
BEX718DMEIO,Equipment,EH16,EH18-16-HD,18.0,5.0,2.0,23.0,1,2026-05-07T14:19:43Z
BEX718DMEJO,Equipment,EH16,EH18-16-HD,18.0,5.0,2.0,23.0,1,2026-05-07T14:19:43Z
BEX718DMEVO,Equipment,EH16,EH18-16-HD,18.0,5.0,2.0,23.0,1,2026-05-07T14:19:43Z
BEX718DMEVOX,Equipment,EH16,EH18-16-HD,18.0,5.0,2.0,23.0,1,2026-05-07T14:19:43Z
BEX718OIFIH,Equipment,EH18-14-HD-S,EH18-14-HD-S,18.0,6.0,2.0,24.0,1,2026-05-07T14:19:43Z
BEX718RMRIO,Equipment,EH16,EH18-16-HD-S,18.0,6.0,2.0,24.0,1,2026-05-07T14:19:43Z
BEX720DIEIP,Equipment,EH14,EH20-14-HD,20.0,5.0,2.0,25.0,1,2026-05-07T14:19:43Z
BEX720DIEIPX,Equipment,EH14,EH20-14-HD,20.0,5.0,2.0,25.0,1,2026-05-07T14:19:43Z
BEX720DIEIPX#1,Equipment,EH14,EH20-14-HD,20.0,5.0,2.0,25.0,1,2026-05-07T14:19:43Z
BEX720DIEJP,Equipment,EH14,EH20-14-HD,20.0,5.0,2.0,25.0,1,2026-05-07T14:19:43Z
BEX720DIEJPB#1,Equipment,EH14,EH20-14-HD,20.0,5.0,2.0,25.0,1,2026-05-07T14:19:43Z
BEX720DIEJPX,Equipment,EH14,EH20-14-HD,20.0,5.0,2.0,25.0,1,2026-05-07T14:19:43Z
BEX720DIEMP#1,Equipment,EHLS14,EH20-14-HDLS,20.0,5.0,2.0,25.0,1,2026-05-07T14:19:43Z
BEX720DIEMPI8#1,Equipment,EHLS14,EH20-14-HDLS,20.0,5.0,2.0,25.0,1,2026-05-07T14:19:43Z
BEX720DIEVP,Equipment,EH14,EH20-14-HD,20.0,5.0,2.0,25.0,1,2026-05-07T14:19:43Z
BEX720DIEVPJX,Equipment,EH14,EH20-14-HD,20.0,5.0,2.0,25.0,1,2026-05-07T14:19:43Z
BEX720DIEVPX,Equipment,EH14,EH20-14-HD,20.0,5.0,2.0,25.0,1,2026-05-07T14:19:43Z
BEX720DMEIO,Equipment,EH16,EH20-16-HD,20.0,5.0,2.0,25.0,1,2026-05-07T14:19:43Z
BEX720DMEIO#1,Equipment,EH16,EH20-16-HD,20.0,5.0,2.0,25.0,1,2026-05-07T14:19:43Z
BEX720DMEJO,Equipment,EH16,EH20-16-HD,20.0,5.0,2.0,25.0,1,2026-05-07T14:19:43Z
BEX720DMEJOX,Equipment,EH16,EH20-16-HD,20.0,5.0,2.0,25.0,1,2026-05-07T14:19:43Z
BEX720DMEVO,Equipment,EH16,EH20-16-HD,20.0,5.0,2.0,25.0,1,2026-05-07T14:19:43Z
BEX720DMEVOX,Equipment,EH16,EH20-16-HD,20.0,5.0,2.0,25.0,1,2026-05-07T14:19:43Z
BEX720FIEMPJI#1,Equipment,EH14,EH20-14-HD,20.0,5.0,2.0,25.0,1,2026-05-07T14:19:43Z
BEX720FIEVPX7#1,Equipment,EH21,EH20-21-HD,20.0,5.0,2.0,25.0,1,2026-05-07T14:19:43Z
BEX720OIFIP,Equipment,EH14,EH20-14-HD-S,20.0,5.0,2.0,25.0,1,2026-05-07T14:19:43Z
BEX722DIEIP,Equipment,EH14,EH22-14-HD,22.0,5.0,2.0,27.0,1,2026-05-07T14:19:43Z
BEX722DIEIPX,Equipment,EH14,EH22-14-HD,22.0,5.0,2.0,27.0,1,2026-05-07T14:19:43Z
BEX722DIEJPX,Equipment,EH14,EH22-14-HD,22.0,5.0,2.0,27.0,1,2026-05-07T14:19:43Z
BEX722DIEMP#1,Equipment,EHLS14,EH22-14-HDLS,22.0,5.0,2.0,27.0,1,2026-05-07T14:19:43Z
BEX722DIEVP,Equipment,EH14,EH22-14-HD,22.0,5.0,2.0,27.0,1,2026-05-07T14:19:43Z
BEX722HIEMPJ,Equipment,EHG14,EH22-14-HD-GN,22.0,9.0,2.0,31.0,1,2026-05-07T14:19:43Z
EF720DIQ8P,Equipment,EF14,EF20-14-HD,20.0,6.0,2.0,26.0,1,2026-05-07T14:19:43Z
EF720DIQ8PX,Equipment,EF14,EF20-14-HD,20.0,6.0,2.0,26.0,1,2026-05-07T14:19:43Z
EF720DMQ8O,Equipment,EF16,EF20-16-HD,20.0,6.0,2.0,26.0,1,2026-05-07T14:19:43Z
EF720DMQ8OX,Equipment,EF16,EF20-16-HD,20.0,6.0,2.0,26.0,1,2026-05-07T14:19:43Z
GEC718DESIV,Equipment,EH10,EH18-10-GALV,18.0,5.0,2.0,23.0,1,2026-05-07T14:19:43Z
GEX716DIEIW,Equipment,EH14,EH16-14-HD-GALV,16.0,5.0,2.0,21.0,1,2026-05-07T14:19:43Z
GEX718DIEIW,Equipment,EH14,EH18-14-HD-GALV,18.0,5.0,2.0,23.0,1,2026-05-07T14:19:43Z
GEX720DIEIW,Equipment,EH14,EH20-14-HD-GALV,20.0,5.0,2.0,25.0,1,2026-05-07T14:19:43Z
GEX720DIEJWX,Equipment,EH14,EH20-14-HD-GALV,20.0,5.0,2.0,25.0,1,2026-05-07T14:19:43Z
GEX720DMEIO,Equipment,EH16,EH20-16-HD-GALV,20.0,5.0,2.0,25.0,1,2026-05-07T14:19:43Z
GEX720DMEIZ,Equipment,EH16,EH20-16-HD-GALV,20.0,5.0,2.0,25.0,1,2026-05-07T14:19:43Z
GEX722DIEVW,Equipment,EH14,EH22-14-HD-GALV,22.0,5.0,2.0,27.0,1,2026-05-07T14:19:43Z
GF720DIQ8W,Equipment,EF14,EF20-14-HD,20.0,6.0,2.0,26.0,1,2026-05-07T14:19:43Z
GF720DMQ8O,Equipment,EF16,EF20-16-HD,20.0,6.0,2.0,26.0,1,2026-05-07T14:19:43Z
BEO824HIJIPX,Flatbed Gooseneck,EHDG14,EH824-14-GN,24.0,9.0,2.0,33.0,1,2026-05-07T14:19:43Z
BEO824HIJVP#1,Flatbed Gooseneck,EHDG14,EH824-14-GN,24.0,9.0,2.0,33.0,1,2026-05-07T14:19:43Z
EL825PQA8LF#1,Flatbed Gooseneck,EDBG25,EDG25-25,25.0,9.0,2.0,34.0,1,2026-05-07T14:19:43Z
EL828HOASLJ,Flatbed Gooseneck,EDBG23,EDG28-23,28.0,9.0,2.0,37.0,1,2026-05-07T14:19:43Z
EL828PQASLBJQS#1,Flatbed Gooseneck,EDBG25,EDG28-25,28.0,9.0,2.0,37.0,1,2026-05-07T14:19:43Z
EL830PQA8L,Flatbed Gooseneck,EDBG25,EDG30-25,30.0,9.0,2.0,39.0,1,2026-05-07T14:19:43Z
EL830PQA8LB,Flatbed Gooseneck,EDBG25,EDG30-25,30.0,9.0,2.0,39.0,1,2026-05-07T14:19:43Z
EL832HOALL,Flatbed Gooseneck,EDG32-23,EDG32-23,32.0,9.0,2.0,41.0,1,2026-05-07T14:19:43Z
EL836PQA8LFGZ,Flatbed Gooseneck,EDBG25,EDG36-25,36.0,9.0,2.0,45.0,1,2026-05-07T14:19:43Z
EO820HIA8P,Flatbed Gooseneck,EHDG16,EDG20-16,20.0,9.0,2.0,29.0,1,2026-05-07T14:19:43Z
EO820HMA8OF,Flatbed Gooseneck,EHDG19,EDG20-19,20.0,9.0,2.0,29.0,1,2026-05-07T14:19:43Z
EO824HIA8P,Flatbed Gooseneck,EHDG16,EDG24-16,24.0,9.0,2.0,33.0,1,2026-05-07T14:19:43Z
EO824HIA8PX,Flatbed Gooseneck,EHDG16,EDG24-16,24.0,9.0,2.0,33.0,1,2026-05-07T14:19:43Z
EO824HIA8R,Flatbed Gooseneck,EHDG16,EDG24-16,24.0,9.0,2.0,33.0,1,2026-05-07T14:19:43Z
EO824HMA8O,Flatbed Gooseneck,EHDG19,EDG24-19,24.0,9.0,2.0,33.0,1,2026-05-07T14:19:43Z
EO828HIASIJ,Flatbed Gooseneck,EHDG16,EDG28-16,28.0,9.0,2.0,37.0,1,2026-05-07T14:19:43Z
EO828HMA8O,Flatbed Gooseneck,EHDG19,EDG28-19,28.0,9.0,2.0,37.0,1,2026-05-07T14:19:43Z
EO830HIASPBGJ,Flatbed Gooseneck,EHDG16,EDG30-16,30.0,9.0,2.0,39.0,1,2026-05-07T14:19:43Z
EO830HIASPT,Flatbed Gooseneck,EHDG16,EDG30-16,30.0,9.0,2.0,39.0,1,2026-05-07T14:19:43Z
GEL830PQB8N,Flatbed Gooseneck,EDBG25,EDG30-25-GALV,30.0,9.0,2.0,39.0,1,2026-05-07T14:19:43Z
BCF718CBFS3,Car Haulers,CH7,CH18-7-FULL,18.0,5.0,2.0,23.0,1,2026-05-07T14:19:43Z
BCF718CBFS3EJ,Car Haulers,CH7,CH18-7-FULL,18.0,5.0,2.0,23.0,1,2026-05-07T14:19:43Z
BCF718CBFSCEIJ#1,Car Haulers,CH7,CH18-7-FULL,18.0,5.0,2.0,23.0,1,2026-05-07T14:19:43Z
BCF718CEWSA,Car Haulers,CH10,CH18-10-FULL,18.0,5.0,2.0,23.0,1,2026-05-07T14:19:43Z
BCF718CEWSAJ,Car Haulers,CH10,CH18-10-FULL,18.0,5.0,2.0,23.0,1,2026-05-07T14:19:43Z
BCF718DBWT3,Car Haulers,CHT7,CHT18-7,18.0,4.0,2.0,22.0,1,2026-05-07T14:19:43Z
BCF718DGETA,Car Haulers,CHT10,CHT18-10,18.0,4.0,2.0,22.0,1,2026-05-07T14:19:43Z
BCF720CEWS6,Car Haulers,CH10,CH20-10-FULL,20.0,4.0,2.0,24.0,1,2026-05-07T14:19:43Z
BCF720CEWSA,Car Haulers,CH10,CH20-10-FULL,20.0,4.0,2.0,24.0,1,2026-05-07T14:19:43Z
BCF720CEWSAJ,Car Haulers,CH10,CH20-10-FULL,20.0,4.0,2.0,24.0,1,2026-05-07T14:19:43Z
BCF720CEWSFEIJ#1,Car Haulers,CH10,CH20-10-FULL,20.0,4.0,2.0,24.0,1,2026-05-07T14:19:43Z
BCF720DGET6,Car Haulers,CHT10,CHT20-10,20.0,4.0,2.0,24.0,1,2026-05-07T14:19:43Z
BCF720DGETA,Car Haulers,CHT10,CHT20-10,20.0,4.0,2.0,24.0,1,2026-05-07T14:19:43Z
GCF720DGETGGK,Car Haulers,CHT10,CHT20-10-GALV,20.0,4.0,2.0,24.0,1,2026-05-07T14:19:43Z
BDUMPINSERTDA,Other,DI-100,DI-100-8,9.0,0.0,2.0,9.0,1,2026-05-07T14:19:43Z
BDUMPINSERTDA6,Other,DI-100,DI-100-6,7.0,0.0,2.0,7.0,1,2026-05-07T14:19:43Z
GDUMPINSERTDA,Other,DI-100,DI-100-8-GALV,9.0,0.0,2.0,9.0,1,2026-05-07T14:19:43Z
GDUMPINSERTDA6,Other,DI-100,DI-100-GALV,7.0,0.0,2.0,7.0,1,2026-05-07T14:19:43Z
BEO814CFCLF,Deck-Over Tag-Along,EHDLE10,EH814F-10LE,14.0,5.0,2.0,19.0,1,2026-05-07T14:19:43Z
BEO815FMBLO3#1,Deck-Over Tag-Along,EHD16,EH815F-16,15.0,5.0,2.0,20.0,1,2026-05-07T14:19:43Z
BEO818DIJLP3,Deck-Over Tag-Along,EHD14,EH818F-14,18.0,5.0,2.0,23.0,1,2026-05-07T14:19:43Z
BEO820DEYIA,Deck-Over Tag-Along,EHD10,EH820-10,20.0,5.0,2.0,25.0,1,2026-05-07T14:19:43Z
BEO820DEYIAI8#1,Deck-Over Tag-Along,EHD10,EH820-10,20.0,5.0,2.0,25.0,1,2026-05-07T14:19:43Z
BEO820DEYLA,Deck-Over Tag-Along,EHD10,EH820F-10,20.0,5.0,2.0,25.0,1,2026-05-07T14:19:43Z
BEO820DEYLA#2,Deck-Over Tag-Along,EHD10,EH820F-10,20.0,5.0,2.0,25.0,1,2026-05-07T14:19:43Z
BEO820DEYLAB,Deck-Over Tag-Along,EHD10,EH820F-10,20.0,5.0,2.0,25.0,1,2026-05-07T14:19:43Z
BEO820DEYMA,Deck-Over Tag-Along,EHD10,EH820-10,20.0,5.0,2.0,25.0,1,2026-05-07T14:19:43Z
BEO820DIJIP,Deck-Over Tag-Along,EHD14,EH820-14,20.0,5.0,2.0,25.0,1,2026-05-07T14:19:43Z
BEO820DIJLP,Deck-Over Tag-Along,EHD14,EH820F-14,20.0,5.0,2.0,25.0,1,2026-05-07T14:19:43Z
BEO820DIJLP#1,Deck-Over Tag-Along,EHD14,EH820F-14,20.0,5.0,2.0,25.0,1,2026-05-07T14:19:43Z
BEO820DIJVP,Deck-Over Tag-Along,EHD14,EH820-14,20.0,5.0,2.0,25.0,1,2026-05-07T14:19:43Z
BEO820HIJIP,Deck-Over Tag-Along,EHDG14,EH820-14-GN,20.0,9.0,2.0,29.0,1,2026-05-07T14:19:43Z
BEO820NFEIA,Deck-Over Tag-Along,EHD10,EH820-10-S,20.0,6.0,2.0,26.0,1,2026-05-07T14:19:43Z
BEO820PENNDOT,Deck-Over Tag-Along,EHD10,EH820-10-S-PD,20.0,6.0,2.0,26.0,1,2026-05-07T14:19:43Z
BEO824DIJIP,Deck-Over Tag-Along,EHD14,EH824-14,24.0,5.0,2.0,29.0,1,2026-05-07T14:19:43Z
BEO824DIJIPX,Deck-Over Tag-Along,EHD14,EH824-14,24.0,5.0,2.0,29.0,1,2026-05-07T14:19:43Z
BEO824DIJLP,Deck-Over Tag-Along,EHD14,EH824F-14,24.0,5.0,2.0,29.0,1,2026-05-07T14:19:43Z
BEO824DIJLP#2,Deck-Over Tag-Along,EHD14,EH824F-14,24.0,5.0,2.0,29.0,1,2026-05-07T14:19:43Z
BEO824DIJLPB,Deck-Over Tag-Along,EHD14,EH824F-14,24.0,5.0,2.0,29.0,1,2026-05-07T14:19:43Z
BEO824DIJMP,Deck-Over Tag-Along,EHD14,EH824-14,24.0,5.0,2.0,29.0,1,2026-05-07T14:19:43Z
EL820GOB8L,Deck-Over Tag-Along,EDB23,EDB20-23,20.0,5.0,2.0,25.0,1,2026-05-07T14:19:43Z
EL825GOA8LB,Deck-Over Tag-Along,EDB23,EDB25-23,25.0,5.0,2.0,30.0,1,2026-05-07T14:19:43Z
EL825GOALL,Deck-Over Tag-Along,EDB23,EDB25-23,25.0,5.0,2.0,30.0,1,2026-05-07T14:19:43Z
EL825GQA8LFS2,Deck-Over Tag-Along,EDB25,EDB25-25,25.0,5.0,2.0,30.0,1,2026-05-07T14:19:43Z
EL825GQALL,Deck-Over Tag-Along,EDB25,EDB25-25,25.0,5.0,2.0,30.0,1,2026-05-07T14:19:43Z
EL828GOALL,Deck-Over Tag-Along,EDB23,EDB28-23,28.0,5.0,2.0,33.0,1,2026-05-07T14:19:43Z
EO820DIA8P,Deck-Over Tag-Along,EHD15,EDB20-15,20.0,5.0,2.0,25.0,1,2026-05-07T14:19:43Z
EO820DIAN9#2,Deck-Over Tag-Along,EHD15,EDB20-15,20.0,5.0,2.0,25.0,1,2026-05-07T14:19:43Z
EO820DMA8O,Deck-Over Tag-Along,EHD17,EDB20-17,20.0,5.0,2.0,25.0,1,2026-05-07T14:19:43Z
EO820DMANO#2,Deck-Over Tag-Along,EHD17,EDB20-17,20.0,5.0,2.0,25.0,1,2026-05-07T14:19:43Z
EO820FMA8OBS,Deck-Over Tag-Along,EHD17,EDB20-17,20.0,5.0,2.0,25.0,1,2026-05-07T14:19:43Z
EO820FMALO4,Deck-Over Tag-Along,EHD17,EDB20-17,20.0,5.0,2.0,25.0,1,2026-05-07T14:19:43Z
EO824DIA8P,Deck-Over Tag-Along,EHD15,EDB24-15,24.0,5.0,2.0,29.0,1,2026-05-07T14:19:43Z
EO824DIA8PI6J,Deck-Over Tag-Along,EHD15,EDB24-15,24.0,5.0,2.0,29.0,1,2026-05-07T14:19:43Z
EO824DIA8RBI6J,Deck-Over Tag-Along,EHD15,EDB24-15,24.0,5.0,2.0,29.0,1,2026-05-07T14:19:43Z
EO824DMA8O,Deck-Over Tag-Along,EHD17,EDB24-17,24.0,5.0,2.0,29.0,1,2026-05-07T14:19:43Z
EO824DMA8OB,Deck-Over Tag-Along,EHD17,EDB24-17,24.0,5.0,2.0,29.0,1,2026-05-07T14:19:43Z
EO824DMALO,Deck-Over Tag-Along,EHD17,EDB24-17,24.0,5.0,2.0,29.0,1,2026-05-07T14:19:43Z
EO824DMALO4#1,Deck-Over Tag-Along,EHD17,EDB24-17,24.0,5.0,2.0,29.0,1,2026-05-07T14:19:43Z
EO824FIALPB,Deck-Over Tag-Along,EHD15,EDB24-15,24.0,5.0,2.0,29.0,1,2026-05-07T14:19:43Z
EO824FMA8OB,Deck-Over Tag-Along,EDB24-17,EQUIPMENT,24.0,5.0,2.0,29.0,1,2026-05-07T14:19:43Z
EO828DIA8PB,Deck-Over Tag-Along,EDB15,EDB28-15,28.0,5.0,2.0,33.0,1,2026-05-07T14:19:43Z
EO828DIALP,Deck-Over Tag-Along,EDB15,EDB28-15,28.0,5.0,2.0,33.0,1,2026-05-07T14:19:43Z
EO828DMA8OB,Deck-Over Tag-Along,EDB28-17,EDB28-17,28.0,5.0,2.0,33.0,1,2026-05-07T14:19:43Z
EO828DMALOBJT,Deck-Over Tag-Along,EHD17,EDB28-17,28.0,5.0,2.0,33.0,1,2026-05-07T14:19:43Z
EO840HJI8RQSZ2I#1,Deck-Over Tag-Along,EHDG15,EDG40-15,40.0,9.0,2.0,49.0,1,2026-05-07T14:19:43Z
GEL825GQB8NBFT,Deck-Over Tag-Along,EDB25,EDB25-25-GALV,25.0,5.0,2.0,30.0,1,2026-05-07T14:19:43Z
GEO820DEYIV,Deck-Over Tag-Along,EHD10,EH820-10-GALV,20.0,5.0,2.0,25.0,1,2026-05-07T14:19:43Z
GEO820DIJIW,Deck-Over Tag-Along,EHD14,EH820-14-GALV,20.0,5.0,2.0,25.0,1,2026-05-07T14:19:43Z
GEO824DIJIW,Deck-Over Tag-Along,EHD14,EH824-14-GALV,24.0,5.0,2.0,29.0,1,2026-05-07T14:19:43Z
GEO824DIJL!,Deck-Over Tag-Along,EHD14,EH824F-14-GALV,24.0,5.0,2.0,29.0,1,2026-05-07T14:19:43Z
GO824DIALW,Deck-Over Tag-Along,EHD15,EDB24-15,24.0,5.0,2.0,29.0,1,2026-05-07T14:19:43Z
GO824DIANW,Deck-Over Tag-Along,EHD15,EDB24-15,24.0,5.0,2.0,29.0,1,2026-05-07T14:19:43Z
GO824DMA8O,Deck-Over Tag-Along,EHD17,EDB24-17,24.0,5.0,2.0,29.0,1,2026-05-07T14:19:43Z
GO824DMAWO,Deck-Over Tag-Along,EHD17,EDB24-17,24.0,5.0,2.0,29.0,1,2026-05-07T14:19:43Z
GO824DMAWZ,Deck-Over Tag-Along,EHD17,EDB24-17,24.0,5.0,2.0,29.0,1,2026-05-07T14:19:43Z
BTG512DGKNP,Tilts,TI6,T512-6,12.0,4.0,2.0,16.0,1,2026-05-07T14:19:43Z
BTG512NGLNP,Tilts,TI6,T512-6-S,12.0,5.0,2.0,17.0,1,2026-05-07T14:19:43Z
BTG512SGLNH,Tilts,T512-6-S,T512-6-S,12.0,5.0,2.0,17.0,1,2026-05-07T14:19:43Z
BTG712DGCNP,Tilts,TI6,T712-6,12.0,4.0,2.0,16.0,1,2026-05-07T14:19:43Z
BTG712DGCNS,Tilts,TI6,T712-6,12.0,4.0,2.0,16.0,1,2026-05-07T14:19:43Z
BTG712DIENH-UR,Tilts,TI7,T712-7-UR,12.0,4.0,2.0,16.0,1,2026-05-07T14:19:43Z
BTG712NGDNP,Tilts,TI6,T712-6-S,12.0,5.0,2.0,17.0,1,2026-05-07T14:19:43Z
BTG712NIFNH-UR,Tilts,TI7,T712-7-S-UR,12.0,5.0,2.0,17.0,1,2026-05-07T14:19:43Z
BTG712SIFNH-UR,Tilts,TI7,T712-7-S-UR,12.0,5.0,2.0,17.0,1,2026-05-07T14:19:43Z
BTG716DESNA,Tilts,TI10,T16-10,16.0,4.0,2.0,20.0,1,2026-05-07T14:19:43Z
BTG716DESNF-UR,Tilts,TI10,T16-10-UR,16.0,4.0,2.0,20.0,1,2026-05-07T14:19:43Z
BTG716DIENP3,Tilts,TI14,T16-14,16.0,4.0,2.0,20.0,1,2026-05-07T14:19:43Z
BTG716FIENH-UR,Tilts,TI14,T16-14-UR,16.0,4.0,2.0,20.0,1,2026-05-07T14:19:43Z
BTG716FIENH-URDP,Tilts,TI14,T16-14-URDP,16.0,4.0,2.0,20.0,1,2026-05-07T14:19:43Z
BTG716NEUNF-UR,Tilts,TI10,T16-10-S-UR,16.0,6.0,2.0,22.0,1,2026-05-07T14:19:43Z
BTG716NEUNF-URDP,Tilts,TI10,T16-10-S-URDP,16.0,6.0,2.0,22.0,1,2026-05-07T14:19:43Z
BTG716OIFNH-UR,Tilts,TI14,T16-14-S-UR,16.0,6.0,2.0,22.0,1,2026-05-07T14:19:43Z
BTG716OIFNH-URDP,Tilts,TI14,T16-14-S-URDP,16.0,6.0,2.0,22.0,1,2026-05-07T14:19:43Z
BTG716RIFNH-UR,Tilts,TI14,T16-14-S-UR,16.0,6.0,2.0,22.0,1,2026-05-07T14:19:43Z
BTG716RIFNH-URDP,Tilts,TI14,T16-14-S-URDP,16.0,6.0,2.0,22.0,1,2026-05-07T14:19:43Z
BTG716SEUNF-UR,Tilts,TI10,T16-10-S-UR,16.0,6.0,2.0,22.0,1,2026-05-07T14:19:43Z
BTG716SEUNF-URDP,Tilts,TI10,T16-10-S-URDP,16.0,6.0,2.0,22.0,1,2026-05-07T14:19:43Z
BTH718DIENI#1,Tilts,TH14,HT18-14,18.0,5.0,2.0,23.0,1,2026-05-07T14:19:43Z
BTH718DIENP,Tilts,TH14,HT18-14,18.0,5.0,2.0,23.0,1,2026-05-07T14:19:43Z
BTH718DIENP-UR,Tilts,TH14,HT18-14,18.0,5.0,2.0,23.0,1,2026-05-07T14:19:43Z
BTH718DIENPG,Tilts,TH14,HT18-14,18.0,5.0,2.0,23.0,1,2026-05-07T14:19:43Z
BTH718FIENP,Tilts,TH14,HT18-14,18.0,5.0,2.0,23.0,1,2026-05-07T14:19:43Z
BTH720DIENP,Tilts,THS14,HT20D-14HD,20.0,5.0,2.0,25.0,1,2026-05-07T14:19:43Z
GH822DMDHZBST2#1,Tilts,THD17,THD22-17,22.0,5.0,2.0,27.0,1,2026-05-07T14:19:43Z
GH824DIBNW,Tilts,THD15,THD24-15,24.0,5.0,2.0,29.0,1,2026-05-07T14:19:43Z
GH824DMBNZGJ,Tilts,THD17,THD24-17,24.0,5.0,2.0,29.0,1,2026-05-07T14:19:43Z
GTG712DGCNW,Tilts,TI6,T712-6-GALV,12.0,4.0,2.0,16.0,1,2026-05-07T14:19:43Z
GTG716DESNV,Tilts,TI10,T16-10-GALV,16.0,4.0,2.0,20.0,1,2026-05-07T14:19:43Z
GTH716DESNVGI#1,Tilts,TH10,HT16-10,16.0,5.0,2.0,21.0,1,2026-05-07T14:19:43Z
GTH718DIENW,Tilts,HT18-14,HT18-14,18.0,5.0,2.0,23.0,1,2026-05-07T14:19:43Z
GTH718FIENWK#1,Tilts,TH14,HT18-14,18.0,5.0,2.0,23.0,1,2026-05-07T14:19:43Z
GTH720DIENSGK#1,Tilts,THS14,HT20D-14HD,20.0,5.0,2.0,25.0,1,2026-05-07T14:19:43Z
GTH720DIENW,Tilts,THS14,HT20D-14HD,20.0,5.0,2.0,25.0,1,2026-05-07T14:19:43Z
TG718DIUNP,Tilts,TGS15,TG18-15,18.0,5.0,2.0,23.0,1,2026-05-07T14:19:43Z
TG718DIUNPI6X,Tilts,TGS15,TG18-15,18.0,5.0,2.0,23.0,1,2026-05-07T14:19:43Z
TG718DMNNO,Tilts,TGS17,TG18-17,18.0,5.0,2.0,23.0,1,2026-05-07T14:19:43Z
TG720DIUNP,Tilts,TGS15,TG20-15,20.0,5.0,2.0,25.0,1,2026-05-07T14:19:43Z
TG720DMNNO,Tilts,TGS17,TG20-17,20.0,5.0,2.0,25.0,1,2026-05-07T14:19:43Z
TG720FIUNII6,Tilts,TGS15,TG20-15,20.0,5.0,2.0,25.0,1,2026-05-07T14:19:43Z
TG720FIUNP,Tilts,TGS15,TG20-15,20.0,5.0,2.0,25.0,1,2026-05-07T14:19:43Z
TG720FMONO,Tilts,TGS17,TG20-17,20.0,5.0,2.0,25.0,1,2026-05-07T14:19:43Z
TG722DIUNP,Tilts,TGS15,TG22-15,22.0,5.0,2.0,27.0,1,2026-05-07T14:19:43Z
TG722DMNNO,Tilts,TGS17,TG22-17,22.0,5.0,2.0,27.0,1,2026-05-07T14:19:43Z
TG722DMNNOX,Tilts,TGS17,TG22-17,22.0,5.0,2.0,27.0,1,2026-05-07T14:19:43Z
TH720DIUNP,Tilts,THS15,TH20-15,20.0,5.0,2.0,25.0,1,2026-05-07T14:19:43Z
TH720DIUNPGI6J#1,Tilts,TH15,TH20-15-FULL,20.0,5.0,2.0,25.0,1,2026-05-07T14:19:43Z
TH720DIUNPI6J#1,Tilts,TH15,TH20-15-FULL,20.0,5.0,2.0,25.0,1,2026-05-07T14:19:43Z
TH720DIUNPIJ#1,Tilts,TH15,TH20-15-FULL,20.0,5.0,2.0,25.0,1,2026-05-07T14:19:43Z
TH720DMNNO,Tilts,THS17,TH20-17,20.0,5.0,2.0,25.0,1,2026-05-07T14:19:43Z
TH722DIUNP,Tilts,THS15,TH22-15,22.0,5.0,2.0,27.0,1,2026-05-07T14:19:43Z
TH722DIUNPGJ,Tilts,THS15,TH22-15,22.0,5.0,2.0,27.0,1,2026-05-07T14:19:43Z
TH722DIUNPI6J#1,Tilts,TH15,TH22-15-FULL,22.0,5.0,2.0,27.0,1,2026-05-07T14:19:43Z
TH722DIUNPJ,Tilts,THS15,TH22-15,22.0,5.0,2.0,27.0,1,2026-05-07T14:19:43Z
TH722DMNN4GXY,Tilts,THS17,TH22-17,22.0,5.0,2.0,27.0,1,2026-05-07T14:19:43Z
TH722DMNNO,Tilts,THS17,TH22-17,22.0,5.0,2.0,27.0,1,2026-05-07T14:19:43Z
TH722DMNNOBI6JY#1,Tilts,THS17,TH22-17,22.0,5.0,2.0,27.0,1,2026-05-07T14:19:43Z
TH722FMNNOGXY,Tilts,THS17,TH22-17,22.0,5.0,2.0,27.0,1,2026-05-07T14:19:43Z
TH822DIBNPBJ,Tilts,THD15,THD22-15,22.0,5.0,2.0,27.0,1,2026-05-07T14:19:43Z
TH822DIBNPJ,Tilts,THD15,THD22-15,22.0,5.0,2.0,27.0,1,2026-05-07T14:19:43Z
TH822DMBNO,Tilts,THD17,THD22-17,22.0,5.0,2.0,27.0,1,2026-05-07T14:19:43Z
TH824DIBHPBS,Tilts,THD15,THD24-15,24.0,5.0,2.0,29.0,1,2026-05-07T14:19:43Z
TH824DIBHPGS,Tilts,THD15,THD24-15,24.0,5.0,2.0,29.0,1,2026-05-07T14:19:43Z
TH824DIBNPBGT,Tilts,THD15,THD24-15,24.0,5.0,2.0,29.0,1,2026-05-07T14:19:43Z
TH824DIBNPGJT,Tilts,THD15,THD24-15,24.0,5.0,2.0,29.0,1,2026-05-07T14:19:43Z
TH824DIBNPI6J,Tilts,THD15,THD24-15,24.0,5.0,2.0,29.0,1,2026-05-07T14:19:43Z
TH824DIBNPJ,Tilts,THD15,THD24-15,24.0,5.0,2.0,29.0,1,2026-05-07T14:19:43Z
TH824DMBHOBJ,Tilts,THD17,THD24-17,24.0,5.0,2.0,29.0,1,2026-05-07T14:19:43Z
TH824DMBHOBJS,Tilts,THD17,THD24-17,24.0,5.0,2.0,29.0,1,2026-05-07T14:19:43Z
TH824DMBNOBGI8JT2,Tilts,THD17,THD24-17,24.0,5.0,2.0,29.0,1,2026-05-07T14:19:43Z
TH824DMBNOBGJS,Tilts,THD17,THD24-17,24.0,5.0,2.0,29.0,1,2026-05-07T14:19:43Z
TH824DMBNOBGJT,Tilts,THD17,THD24-17,24.0,5.0,2.0,29.0,1,2026-05-07T14:19:43Z
TH824DMBNOJ,Tilts,THD17,THD24-17,24.0,5.0,2.0,29.0,1,2026-05-07T14:19:43Z
TH824DMDH4BI4JS#1,Tilts,THD17,THD24-17,24.0,5.0,2.0,29.0,1,2026-05-07T14:19:43Z
TH824GOANL,Tilts,THDB23,THDB24-23,24.0,5.0,2.0,29.0,1,2026-05-07T14:19:43Z
TH824GOBHLGS,Tilts,THDB23,THDB24-23,24.0,5.0,2.0,29.0,1,2026-05-07T14:19:43Z
TH824HJAH9JS,Tilts,THDG16,THDG24-16,24.0,9.0,2.0,33.0,1,2026-05-07T14:19:43Z
TH824HJANPGB#1,Tilts,THDG16,THDG24-16,24.0,9.0,2.0,33.0,1,2026-05-07T14:19:43Z
TH824HJANPJI6,Tilts,THDG16,THDG24-16,24.0,9.0,2.0,33.0,1,2026-05-07T14:19:43Z
TH824HMHHOJS,Tilts,THDG19,THDG24-19,24.0,9.0,2.0,33.0,1,2026-05-07T14:19:43Z
TH824HMHNOJ,Tilts,THDG19,THDG24-19,24.0,9.0,2.0,33.0,1,2026-05-07T14:19:43Z
TH826DIBNPA,Tilts,THDS15,THD26-15,26.0,5.0,2.0,31.0,1,2026-05-07T14:19:43Z
TH826DMBH&ABGJT,Tilts,THDS17,THD26-17,26.0,5.0,2.0,31.0,1,2026-05-07T14:19:43Z
TH826DMBNOA,Tilts,THDS17,THD26-17,26.0,5.0,2.0,31.0,1,2026-05-07T14:19:43Z
TH826GOANLI#1,Tilts,THDB26-23,THDB26-23,26.0,5.0,2.0,31.0,1,2026-05-07T14:19:43Z
TH828PQANLGJT,Tilts,THDG25,THDG28-25,28.0,9.0,2.0,37.0,1,2026-05-07T14:19:43Z
TH830HOANLG,Tilts,THDG23,THDG30-23,30.0,9.0,2.0,39.0,1,2026-05-07T14:19:43Z
BUA508BBBE3,Single-Axle Utility,UTE3,UTE-508,8.0,4.0,2.0,12.0,1,2026-05-07T14:19:43Z
BUA510BBBE3,Single-Axle Utility,UTE3,UTE-510,10.0,4.0,2.0,14.0,1,2026-05-07T14:19:43Z
BUA610BBDE3,Single-Axle Utility,UTE3,UTE-610,10.0,4.0,2.0,14.0,1,2026-05-07T14:19:43Z
BUA612BBDE3,Single-Axle Utility,UTE3,UTE-612,12.0,4.0,2.0,16.0,1,2026-05-07T14:19:43Z
BUT508BBBE3E,Single-Axle Utility,UT3,UT-508,8.0,4.0,2.0,12.0,1,2026-05-07T14:19:43Z
BUT610BBDF3,Single-Axle Utility,UT3,UT-610,10.0,4.0,2.0,14.0,1,2026-05-07T14:19:43Z
BUT610BBDF3E,Single-Axle Utility,UT3,UT-610-12EXP,10.0,4.0,2.0,14.0,1,2026-05-07T14:19:43Z
BUT610BBDF3F,Single-Axle Utility,UT3,UT-610-24EXP,10.0,4.0,2.0,14.0,1,2026-05-07T14:19:43Z
BUT612BBDF3,Single-Axle Utility,UT3,UT-612,12.0,4.0,2.0,16.0,1,2026-05-07T14:19:43Z
BUT614BBDF3,Single-Axle Utility,UT3,UT-614,14.0,4.0,2.0,18.0,1,2026-05-07T14:19:43Z
BUT614BBDF5,Single-Axle Utility,UT3,UT-614,14.0,4.0,2.0,18.0,1,2026-05-07T14:19:43Z
BUT614BBDH3F,Single-Axle Utility,UT3,UT-614-SR,14.0,4.0,2.0,18.0,1,2026-05-07T14:19:43Z
